#
# A fatal error has been detected by the Java Runtime Environment:
#
#  EXCEPTION_ACCESS_VIOLATION (0xc0000005) at pc=0x00007ffdea25c840, pid=22820, tid=17728
#
# JRE version: OpenJDK Runtime Environment Temurin-21.0.9+10 (21.0.9+10) (build 21.0.9+10-LTS)
# Java VM: OpenJDK 64-Bit Server VM Temurin-21.0.9+10 (21.0.9+10-LTS, mixed mode, sharing, tiered, compressed oops, compressed class ptrs, parallel gc, windows-amd64)
# Problematic frame:
# V  [jvm.dll+0xc840]
#
# No core dump will be written. Minidumps are not enabled by default on client versions of Windows
#
# If you would like to submit a bug report, please visit:
#   https://github.com/adoptium/adoptium-support/issues
#

---------------  S U M M A R Y ------------

Command Line: --add-modules=ALL-SYSTEM --add-opens=java.base/java.util=ALL-UNNAMED --add-opens=java.base/java.lang=ALL-UNNAMED --add-opens=java.base/sun.nio.fs=ALL-UNNAMED -Declipse.application=org.eclipse.jdt.ls.core.id1 -Dosgi.bundles.defaultStartLevel=4 -Declipse.product=org.eclipse.jdt.ls.core.product -Djava.import.generatesMetadataFilesAtProjectRoot=false -DDetectVMInstallationsJob.disabled=true -Dfile.encoding=utf8 -XX:+UseParallelGC -XX:GCTimeRatio=4 -XX:AdaptiveSizePolicyWeight=90 -Dsun.zip.disableMemoryMapping=true -Xmx2G -Xms100m -Xlog:disable -javaagent:c:\Users\User\.vscode\extensions\redhat.java-1.49.0-win32-x64\lombok\lombok-1.18.39-4050.jar c:\Users\User\.vscode\extensions\redhat.java-1.49.0-win32-x64\server\plugins\org.eclipse.equinox.launcher_1.7.100.v20251111-0406.jar -configuration c:\Users\User\AppData\Roaming\Code\User\globalStorage\redhat.java\1.49.0\config_ss_win -data c:\Users\User\AppData\Roaming\Code\User\workspaceStorage\6ad258b3dd0437abd5348fc314f57244\redhat.java\ss_ws --pipe=\\.\pipe\lsp-e8d3069523c252024822a447dc3c8705-sock

Host: Intel(R) Core(TM) i5-9400F CPU @ 2.90GHz, 6 cores, 31G,  Windows 11 , 64 bit Build 26100 (10.0.26100.7019)
Time: Sun Nov 23 19:15:44 2025 Hora estándar de Argentina elapsed time: 1.601232 seconds (0d 0h 0m 1s)

---------------  T H R E A D  ---------------

Current thread (0x00000193fa670310):  JavaThread "Start Level: Equinox Container: f9595857-4d48-41ed-83ea-b9e217e49453" daemon [_thread_in_vm, id=17728, stack(0x0000008a81400000,0x0000008a81500000) (1024K)]

Stack: [0x0000008a81400000,0x0000008a81500000],  sp=0x0000008a814f4a68,  free space=978k
Native frames: (J=compiled Java code, j=interpreted, Vv=VM code, C=native code)
V  [jvm.dll+0xc840]

Java frames: (J=compiled Java code, j=interpreted, Vv=VM code)
J 1101  java.lang.ClassLoader.defineClass1(Ljava/lang/ClassLoader;Ljava/lang/String;[BIILjava/security/ProtectionDomain;Ljava/lang/String;)Ljava/lang/Class; java.base@21.0.9 (0 bytes) @ 0x00000193a7b6e091 [0x00000193a7b6dfc0+0x00000000000000d1]
J 1743 c1 java.lang.ClassLoader.defineClass(Ljava/lang/String;[BIILjava/security/ProtectionDomain;)Ljava/lang/Class; java.base@21.0.9 (43 bytes) @ 0x00000193a03370fc [0x00000193a0336da0+0x000000000000035c]
j  org.eclipse.osgi.internal.loader.ModuleClassLoader.defineClass(Ljava/lang/String;[BLorg/eclipse/osgi/internal/loader/classpath/ClasspathEntry;)Lorg/eclipse/osgi/internal/loader/ModuleClassLoader$DefineClassResult;+37
J 2127 c1 org.eclipse.osgi.internal.loader.classpath.ClasspathManager.defineClass(Ljava/lang/String;[BLorg/eclipse/osgi/internal/loader/classpath/ClasspathEntry;Lorg/eclipse/osgi/storage/bundlefile/BundleEntry;Ljava/util/List;)Ljava/lang/Class; (636 bytes) @ 0x00000193a0413f64 [0x00000193a04124c0+0x0000000000001aa4]
J 1933 c1 org.eclipse.osgi.internal.loader.classpath.ClasspathManager.findClassImpl(Ljava/lang/String;Lorg/eclipse/osgi/internal/loader/classpath/ClasspathEntry;Ljava/util/List;)Ljava/lang/Class; (328 bytes) @ 0x00000193a03a602c [0x00000193a03a29c0+0x000000000000366c]
J 2118 c1 org.eclipse.osgi.internal.loader.classpath.ClasspathManager.findLocalClassImpl(Ljava/lang/String;[Lorg/eclipse/osgi/internal/loader/classpath/ClasspathEntry;Ljava/util/List;)Ljava/lang/Class; (55 bytes) @ 0x00000193a0408fe4 [0x00000193a0408e60+0x0000000000000184]
J 1932 c1 org.eclipse.osgi.internal.loader.classpath.ClasspathManager.findLocalClassImpl(Ljava/lang/String;Ljava/util/List;)Ljava/lang/Class; (132 bytes) @ 0x00000193a03a1894 [0x00000193a03a1360+0x0000000000000534]
J 2011 c1 org.eclipse.osgi.internal.loader.classpath.ClasspathManager.findLocalClass(Ljava/lang/String;)Ljava/lang/Class; (210 bytes) @ 0x00000193a03c58a4 [0x00000193a03c4be0+0x0000000000000cc4]
J 2041 c1 org.eclipse.osgi.internal.loader.BundleLoader.findLocalClass(Ljava/lang/String;)Ljava/lang/Class; (159 bytes) @ 0x00000193a03db744 [0x00000193a03dab60+0x0000000000000be4]
J 1820 c1 org.eclipse.osgi.internal.loader.BundleLoader.findClass0(Ljava/lang/String;ZZ)Ljava/lang/Class; (490 bytes) @ 0x00000193a035dc94 [0x00000193a035aae0+0x00000000000031b4]
J 1819 c1 org.eclipse.osgi.internal.loader.BundleLoader.findClass(Ljava/lang/String;)Ljava/lang/Class; (8 bytes) @ 0x00000193a0359c4c [0x00000193a0359bc0+0x000000000000008c]
J 1867 c1 org.eclipse.osgi.internal.loader.ModuleClassLoader.loadClass(Ljava/lang/String;Z)Ljava/lang/Class; (36 bytes) @ 0x00000193a0373d4c [0x00000193a0373b20+0x000000000000022c]
J 993 c1 java.lang.ClassLoader.loadClass(Ljava/lang/String;)Ljava/lang/Class; java.base@21.0.9 (7 bytes) @ 0x00000193a01be5d4 [0x00000193a01be4c0+0x0000000000000114]
v  ~StubRoutines::call_stub 0x00000193a756100d
j  org.eclipse.core.internal.resources.Workspace.<init>()V+15
j  org.eclipse.core.resources.ResourcesPlugin$WorkspaceInitCustomizer.addingService(Lorg/osgi/framework/ServiceReference;)Lorg/eclipse/core/internal/resources/Workspace;+34
j  org.eclipse.core.resources.ResourcesPlugin$WorkspaceInitCustomizer.addingService(Lorg/osgi/framework/ServiceReference;)Ljava/lang/Object;+5
j  org.osgi.util.tracker.ServiceTracker$Tracked.customizerAdding(Lorg/osgi/framework/ServiceReference;Lorg/osgi/framework/ServiceEvent;)Ljava/lang/Object;+8
j  org.osgi.util.tracker.ServiceTracker$Tracked.customizerAdding(Ljava/lang/Object;Ljava/lang/Object;)Ljava/lang/Object;+9
j  org.osgi.util.tracker.AbstractTracked.trackAdding(Ljava/lang/Object;Ljava/lang/Object;)V+8
j  org.osgi.util.tracker.AbstractTracked.trackInitial()V+90
j  org.osgi.util.tracker.ServiceTracker.open(Z)V+198
j  org.osgi.util.tracker.ServiceTracker.open()V+2
j  org.eclipse.core.resources.ResourcesPlugin.start(Lorg/osgi/framework/BundleContext;)V+106
j  org.eclipse.osgi.internal.framework.BundleContextImpl$2.run()Ljava/lang/Void;+23
j  org.eclipse.osgi.internal.framework.BundleContextImpl$2.run()Ljava/lang/Object;+1
J 1135 c1 java.security.AccessController.executePrivileged(Ljava/security/PrivilegedExceptionAction;Ljava/security/AccessControlContext;Ljava/lang/Class;)Ljava/lang/Object; java.base@21.0.9 (65 bytes) @ 0x00000193a01fc3c4 [0x00000193a01fc260+0x0000000000000164]
j  java.security.AccessController.doPrivileged(Ljava/security/PrivilegedExceptionAction;)Ljava/lang/Object;+9 java.base@21.0.9
j  org.eclipse.osgi.internal.framework.BundleContextImpl.startActivator(Lorg/osgi/framework/BundleActivator;)V+9
j  org.eclipse.osgi.internal.framework.BundleContextImpl.start()V+141
j  org.eclipse.osgi.internal.framework.EquinoxBundle.startWorker0()V+35
j  org.eclipse.osgi.internal.framework.EquinoxBundle$EquinoxModule.startWorker()V+4
j  org.eclipse.osgi.container.Module.doStart([Lorg/eclipse/osgi/container/Module$StartOptions;)Lorg/eclipse/osgi/container/ModuleContainerAdaptor$ModuleEvent;+200
j  org.eclipse.osgi.container.Module.start([Lorg/eclipse/osgi/container/Module$StartOptions;)V+460
j  org.eclipse.osgi.framework.util.SecureAction.start(Lorg/eclipse/osgi/container/Module;[Lorg/eclipse/osgi/container/Module$StartOptions;)V+8
J 1925 c1 org.eclipse.osgi.internal.hooks.EclipseLazyStarter.postFindLocalClass(Ljava/lang/String;Ljava/lang/Class;Lorg/eclipse/osgi/internal/loader/classpath/ClasspathManager;)V (394 bytes) @ 0x00000193a039a294 [0x00000193a03992c0+0x0000000000000fd4]
J 2011 c1 org.eclipse.osgi.internal.loader.classpath.ClasspathManager.findLocalClass(Ljava/lang/String;)Ljava/lang/Class; (210 bytes) @ 0x00000193a03c5bf4 [0x00000193a03c4be0+0x0000000000001014]
J 2041 c1 org.eclipse.osgi.internal.loader.BundleLoader.findLocalClass(Ljava/lang/String;)Ljava/lang/Class; (159 bytes) @ 0x00000193a03db744 [0x00000193a03dab60+0x0000000000000be4]
J 1820 c1 org.eclipse.osgi.internal.loader.BundleLoader.findClass0(Ljava/lang/String;ZZ)Ljava/lang/Class; (490 bytes) @ 0x00000193a035dc94 [0x00000193a035aae0+0x00000000000031b4]
J 1819 c1 org.eclipse.osgi.internal.loader.BundleLoader.findClass(Ljava/lang/String;)Ljava/lang/Class; (8 bytes) @ 0x00000193a0359c4c [0x00000193a0359bc0+0x000000000000008c]
J 1867 c1 org.eclipse.osgi.internal.loader.ModuleClassLoader.loadClass(Ljava/lang/String;Z)Ljava/lang/Class; (36 bytes) @ 0x00000193a0373d4c [0x00000193a0373b20+0x000000000000022c]
J 993 c1 java.lang.ClassLoader.loadClass(Ljava/lang/String;)Ljava/lang/Class; java.base@21.0.9 (7 bytes) @ 0x00000193a01be5d4 [0x00000193a01be4c0+0x0000000000000114]
v  ~StubRoutines::call_stub 0x00000193a756100d
j  java.lang.Class.getDeclaredConstructors0(Z)[Ljava/lang/reflect/Constructor;+0 java.base@21.0.9
j  java.lang.Class.privateGetDeclaredConstructors(Z)[Ljava/lang/reflect/Constructor;+52 java.base@21.0.9
j  java.lang.Class.getConstructor0([Ljava/lang/Class;I)Ljava/lang/reflect/Constructor;+14 java.base@21.0.9
j  java.lang.Class.getConstructor([Ljava/lang/Class;)Ljava/lang/reflect/Constructor;+24 java.base@21.0.9
j  org.eclipse.osgi.internal.framework.BundleContextImpl.loadBundleActivator()Lorg/osgi/framework/BundleActivator;+105
j  org.eclipse.osgi.internal.framework.BundleContextImpl.start()V+18
j  org.eclipse.osgi.internal.framework.EquinoxBundle.startWorker0()V+35
j  org.eclipse.osgi.internal.framework.EquinoxBundle$EquinoxModule.startWorker()V+4
j  org.eclipse.osgi.container.Module.doStart([Lorg/eclipse/osgi/container/Module$StartOptions;)Lorg/eclipse/osgi/container/ModuleContainerAdaptor$ModuleEvent;+200
j  org.eclipse.osgi.container.Module.start([Lorg/eclipse/osgi/container/Module$StartOptions;)V+460
j  org.eclipse.osgi.container.ModuleContainer$ContainerStartLevel$2.run()V+83
j  org.eclipse.osgi.internal.framework.EquinoxContainerAdaptor$1$1.execute(Ljava/lang/Runnable;)V+1
j  org.eclipse.osgi.container.ModuleContainer$ContainerStartLevel.incStartLevel(ILjava/util/List;Z)V+193
j  org.eclipse.osgi.container.ModuleContainer$ContainerStartLevel.incStartLevel(ILjava/util/List;Ljava/util/List;Ljava/util/List;Ljava/util/List;)V+19
j  org.eclipse.osgi.container.ModuleContainer$ContainerStartLevel.doContainerStartLevel(Lorg/eclipse/osgi/container/Module;I[Lorg/osgi/framework/FrameworkListener;)V+358
j  org.eclipse.osgi.container.ModuleContainer$ContainerStartLevel.dispatchEvent(Lorg/eclipse/osgi/container/Module;[Lorg/osgi/framework/FrameworkListener;ILjava/lang/Integer;)V+32
j  org.eclipse.osgi.container.ModuleContainer$ContainerStartLevel.dispatchEvent(Ljava/lang/Object;Ljava/lang/Object;ILjava/lang/Object;)V+15
j  org.eclipse.osgi.framework.eventmgr.EventManager.dispatchEvent(Ljava/util/Set;Lorg/eclipse/osgi/framework/eventmgr/EventDispatcher;ILjava/lang/Object;)V+48
j  org.eclipse.osgi.framework.eventmgr.EventManager$EventThread.run()V+26
v  ~StubRoutines::call_stub 0x00000193a756100d

siginfo: EXCEPTION_ACCESS_VIOLATION (0xc0000005), reading address 0x0000019375e9dd30


Registers:
RAX=0x0000000000000001, RBX=0x00000193b517f960, RCX=0x0000019375e9dd30, RDX=0x0000000000000000
RSP=0x0000008a814f4a68, RBP=0x0000008a814f4be9, RSI=0x00000193b405d0c0, RDI=0x00000193b512f430
R8 =0x000001939a7e0680, R9 =0x000001939a7e0680, R10=0x0000008aff98d000, R11=0x0000000000000013
R12=0x00000193fa9fa0f8, R13=0x00000193faa86cc0, R14=0x00000193faa86cc0, R15=0x00000193fa670318
RIP=0x00007ffdea25c840, EFLAGS=0x0000000000010246

XMM[0]=0x0000000000000000 0x0000000800000001
XMM[1]=0x0000000000000000 0x0000000800000001
XMM[2]=0x6176616a2e6e6f69 0x747065637845656d
XMM[3]=0xee830681e1ddc99f 0x59db6a41e191dddf
XMM[4]=0x000e178101b4d89f 0x34e63b4167e12cdf
XMM[5]=0x95aaf3af45790cf9 0x4fa92cf20cebb1b1
XMM[6]=0x501512af12c2a0bb 0x5447d83340ae8190
XMM[7]=0x135ef2740d4ca252 0xdafe94a969c7bbf1
XMM[8]=0x0662a674c7a700ab 0xb644e0efd2feee14
XMM[9]=0xe1dc6880e1dc6880 0xe1dc68805a24f032
XMM[10]=0x0000000000000000 0x00000000784887b2
XMM[11]=0x577ed4a1577ed4a1 0x577ed4a1b1a3c4d3
XMM[12]=0x0000000000000000 0x000000005a24f032
XMM[13]=0x0000000000000000 0x0000000000000000
XMM[14]=0x0000000000000000 0x0000000000000000
XMM[15]=0x0000000000000000 0x0000000000000000
  MXCSR=0x00001fa0


Register to memory mapping:

RAX=0x0000000000000001 is an unknown value
RBX=0x00000193b517f960 is a pointer to class: 
org.eclipse.core.internal.utils.WrappedRuntimeException {0x00000193b517f968}
 - instance size:     5
 - klass size:        77
 - access:            public synchronized 
 - flags:             has_nonstatic_fields should_verify_class has_localvariable_table 
 - state:             loaded
 - name:              'org/eclipse/core/internal/utils/WrappedRuntimeException'
 - super:             'java/lang/RuntimeException'
 - sub:               
 - arrays:            null
 - methods:           Array<T>(0x00000193f6b67d48)
 - method ordering:   Array<T>(0x00000193b4a821f0)
 - local interfaces:  Array<T>(0x00000193b4611600)
 - trans. interfaces: Array<T>(0x00000193b461f578)
 - secondary supers: Array<T>(0x00000193b461f578)
 - hash_slot:         58
 - bitmap:            0x0000000100000000
 - constants:         constant pool [34] {0x00000193f6b5fba8} for 'org/eclipse/core/internal/utils/WrappedRuntimeException'
 - class loader data:  loader data: 0x00000193faa86cc0 for instance a 'org/eclipse/osgi/internal/loader/EquinoxClassLoader'{0x00000000d65e1200}
 - source file:       'WrappedRuntimeException.java'
 - inner classes:     Array<T>(0x00000193b4611588)
 - nest members:     Array<T>(0x00000193b4611588)
 - permitted subclasses:     Array<T>(0x00000193b4611588)
 - java mirror:       a 'java/lang/Class'{0x00000000d6b2f638} = 'org/eclipse/core/internal/utils/WrappedRuntimeException'
 - vtable length      16  (start addr: 0x00000193b517fb30)
 - itable length      2 (start addr: 0x00000193b517fbb0)
 - ---- static fields (1 words):
 - private static final 'serialVersionUID' 'J' @112 
 - ---- non-static fields (7 words):
 - private transient 'depth' 'I' @12 
 - private transient 'backtrace' 'Ljava/lang/Object;' @16 
 - private 'detailMessage' 'Ljava/lang/String;' @20 
 - private 'cause' 'Ljava/lang/Throwable;' @24 
 - private 'stackTrace' '[Ljava/lang/StackTraceElement;' @28 
 - private 'suppressedExceptions' 'Ljava/util/List;' @32 
 - private final 'target' 'Ljava/lang/Throwable;' @36 
 - non-static oop maps: 16-36 
RCX=0x0000019375e9dd30 is an unknown value
RDX=0x0 is null
RSP=0x0000008a814f4a68 is pointing into the stack for thread: 0x00000193fa670310
RBP=0x0000008a814f4be9 is pointing into the stack for thread: 0x00000193fa670310
RSI=0x00000193b405d0c0 is a pointer to class: 
java.lang.RuntimeException {0x00000193b405d0c8}
 - instance size:     5
 - klass size:        76
 - access:            public synchronized 
 - flags:             rewritten has_nonstatic_fields is_shared_boot_class 
 - state:             fully_initialized
 - name:              'java/lang/RuntimeException'
 - super:             'java/lang/Exception'
 - sub:               
[error occurred during error reporting (printing register info), id 0xc0000005, EXCEPTION_ACCESS_VIOLATION (0xc0000005) at pc=0x00007ffdea25c840]
RDI=0x00000193b512f430 is a pointer to class: 
org.eclipse.core.runtime.OperationCanceledException {0x00000193b512f438}
 - instance size:     5
 - klass size:        76
 - access:            public final synchronized 
 - flags:             has_nonstatic_fields should_verify_class has_localvariable_table 
 - state:             loaded
 - name:              'org/eclipse/core/runtime/OperationCanceledException'
 - super:             'java/lang/RuntimeException'
 - sub:               
 - arrays:            null
 - methods:           Array<T>(0x00000193f6a31c80)
 - method ordering:   Array<T>(0x00000193b4a821f0)
 - local interfaces:  Array<T>(0x00000193b4611600)
 - trans. interfaces: Array<T>(0x00000193b461f578)
 - secondary supers: Array<T>(0x00000193b461f578)
 - hash_slot:         44
 - bitmap:            0x0000000100000000
 - constants:         constant pool [26] {0x00000193f6a31b58} for 'org/eclipse/core/runtime/OperationCanceledException'
 - class loader data:  
[error occurred during error reporting (printing register info, attempt 2), id 0xc0000005, EXCEPTION_ACCESS_VIOLATION (0xc0000005) at pc=0x00007ffdea25c840]
R8 =0x000001939a7e0680 points into unknown readable memory: 0x00007ffdeaf0d5f8 | f8 d5 f0 ea fd 7f 00 00
R9 =0x000001939a7e0680 points into unknown readable memory: 0x00007ffdeaf0d5f8 | f8 d5 f0 ea fd 7f 00 00
R10=0x0000008aff98d000 points into unknown readable memory: 0x0000000000000000 | 00 00 00 00 00 00 00 00
R11=0x0000000000000013 is an unknown value
R12=0x00000193fa9fa0f8 points into unknown readable memory: 0x726f003763180007 | 07 00 18 63 37 00 6f 72
R13=0x00000193faa86cc0 points into unknown readable memory: 0x00000193fa58c168 | 68 c1 58 fa 93 01 00 00
R14=0x00000193faa86cc0 points into unknown readable memory: 0x00000193fa58c168 | 68 c1 58 fa 93 01 00 00
R15=0x00000193fa670318 points into unknown readable memory: 0x0000000000000000 | 00 00 00 00 00 00 00 00

Top of Stack: (sp=0x0000008a814f4a68)
0x0000008a814f4a68:   00007ffdea4757a3 0000008a814f4cf8
0x0000008a814f4a78:   0000000000000000 00000193fa670318
0x0000008a814f4a88:   00000193faa86cc0 00007ffdeaf0d4f0
0x0000008a814f4a98:   00007ffdea802c9c 00000193fa670318
0x0000008a814f4aa8:   00000193faa86cc0 0000008a814f4b30
0x0000008a814f4ab8:   00000193b517f960 00000193b405d0c0
0x0000008a814f4ac8:   00007ffdea80269e 00000193b517f960
0x0000008a814f4ad8:   00000193b517f960 00000000d6b2f638
0x0000008a814f4ae8:   00007ffdeaf0d4f0 00000193fa670310
0x0000008a814f4af8:   00007ffdea6165a5 00007ffdeaf0d5f0
0x0000008a814f4b08:   00007ffdeaf0d5f0 00000193fa670310
0x0000008a814f4b18:   00000193b517f960 00000193fa670310
0x0000008a814f4b28:   00007ffdeaa7a737 000000000000000a
0x0000008a814f4b38:   00000000d6b2f638 00000193b517f960
0x0000008a814f4b48:   00007ffdea918451 00000193b4014a70
0x0000008a814f4b58:   00000193fa670310 00000193b4014a70
0x0000008a814f4b68:   0000000000000000 0000000000000009
0x0000008a814f4b78:   00007ffdea311236 0000000000000000
0x0000008a814f4b88:   0000000000000018 000001930000000e
0x0000008a814f4b98:   00000000f6367b50 0000000000000000
0x0000008a814f4ba8:   00000000d65e1200 00000000d6b2f638
0x0000008a814f4bb8:   0000000002000002 00000193b4632da0
0x0000008a814f4bc8:   00007ffdea951366 0000000000000000
0x0000008a814f4bd8:   00000193fa670318 00000193faa86cc0
0x0000008a814f4be8:   0000000000010103 00000193fa9fa0f8
0x0000008a814f4bf8:   0000008a814f4ba8 0000008a814f4be9
0x0000008a814f4c08:   0000000800000002 00007ffdeaf0db00
0x0000008a814f4c18:   0000000000000000 0000c0ea5166962f
0x0000008a814f4c28:   00000193fa78ce18 00000193fa78ce18
0x0000008a814f4c38:   00000193fa698268 00000193b517f960
0x0000008a814f4c48:   00007ffdeaa7c33c 00000193b517f960
0x0000008a814f4c58:   00007ffdeaf0dbf0 00000193faa86cc0 

Instructions: (pc=0x00007ffdea25c840)
0x00007ffdea25c740:   85 15 92 e4 cd 00 75 2a 48 85 d2 74 25 48 8b ca
0x00007ffdea25c750:   48 8d 15 d9 b7 94 00 48 c1 e9 0c 83 e1 0f 8b 0c
0x00007ffdea25c760:   8a 48 d3 eb 48 8b c3 48 8b 5c 24 30 48 83 c4 20
0x00007ffdea25c770:   5f c3 48 8b cb e8 b6 fd ff ff 48 8b d0 48 8b cf
0x00007ffdea25c780:   e8 fb 5e 90 00 4c 8b c8 48 85 ff 0f 84 8a 00 00
0x00007ffdea25c790:   00 4c 8b c3 49 81 e0 0f 00 ff ff 75 0d 48 8b 15
0x00007ffdea25c7a0:   3c e4 cd 00 48 83 ca 30 eb 36 48 8b 05 df e3 cd
0x00007ffdea25c7b0:   00 48 8d 15 78 b7 94 00 48 0b 05 d9 e3 cd 00 48
0x00007ffdea25c7c0:   0b 05 fa e3 cd 00 48 83 c8 30 48 8b c8 48 c1 e9
0x00007ffdea25c7d0:   0c 83 e1 0f 8b 0c 8a 49 8b d1 48 d3 e2 48 0b d0
0x00007ffdea25c7e0:   48 f7 c2 0f 00 ff ff 75 05 4d 85 c0 75 2d 48 8b
0x00007ffdea25c7f0:   c3 f0 48 0f b1 17 74 23 0f 1f 84 00 00 00 00 00
0x00007ffdea25c800:   48 85 05 d1 e3 cd 00 75 05 48 85 c0 75 0d 48 8b
0x00007ffdea25c810:   c8 f0 48 0f b1 17 48 3b c1 75 e5 49 8b d9 48 8b
0x00007ffdea25c820:   c3 48 8b 5c 24 30 48 83 c4 20 5f c3 48 8b 5c 24
0x00007ffdea25c830:   30 48 83 c4 20 5f e9 b5 f6 ff ff cc cc cc cc cc
0x00007ffdea25c840:   48 8b 01 c3 cc cc cc cc cc cc cc cc cc cc cc cc
0x00007ffdea25c850:   4c 8b c1 ba 44 60 08 00 48 8b 0d 01 93 c8 00 e9
0x00007ffdea25c860:   fc ea ff ff cc cc cc cc cc cc cc cc cc cc cc cc
0x00007ffdea25c870:   48 89 5c 24 08 57 48 83 ec 20 48 8b 39 48 8b d9
0x00007ffdea25c880:   48 85 3d f1 c6 cd 00 75 0e 48 8b c7 48 8b 5c 24
0x00007ffdea25c890:   30 48 83 c4 20 5f c3 48 8b cf e8 61 98 8d 00 48
0x00007ffdea25c8a0:   8b d0 48 85 c0 74 20 48 8b c7 f0 48 0f b1 13 74
0x00007ffdea25c8b0:   16 48 85 05 c0 c6 cd 00 74 0d 48 8b c8 f0 48 0f
0x00007ffdea25c8c0:   b1 13 48 3b c1 75 ea 48 8b 5c 24 30 48 8b c2 48
0x00007ffdea25c8d0:   83 c4 20 5f c3 cc cc cc cc cc cc cc cc cc cc cc
0x00007ffdea25c8e0:   48 8b 11 e9 08 f6 ff ff cc cc cc cc cc cc cc cc
0x00007ffdea25c8f0:   4c 8b c1 ba 64 60 08 00 48 8b 0d 61 92 c8 00 e9
0x00007ffdea25c900:   5c ea ff ff cc cc cc cc cc cc cc cc cc cc cc cc
0x00007ffdea25c910:   48 8b 05 a1 e2 cd 00 48 8b d1 48 23 c1 48 a9 00
0x00007ffdea25c920:   f0 00 00 75 5d 48 8b 05 84 e2 cd 00 48 23 c1 48
0x00007ffdea25c930:   a9 00 f0 00 00 75 43 0f b6 c2 24 30 3c 30 74 3a 


Stack slot to memory mapping:

stack at sp + 0 slots: 0x00007ffdea4757a3 jvm.dll
stack at sp + 1 slots: 0x0000008a814f4cf8 is pointing into the stack for thread: 0x00000193fa670310
stack at sp + 2 slots: 0x0 is null
stack at sp + 3 slots: 0x00000193fa670318 points into unknown readable memory: 0x0000000000000000 | 00 00 00 00 00 00 00 00
stack at sp + 4 slots: 0x00000193faa86cc0 points into unknown readable memory: 0x00000193fa58c168 | 68 c1 58 fa 93 01 00 00
stack at sp + 5 slots: 0x00007ffdeaf0d4f0 jvm.dll
stack at sp + 6 slots: 0x00007ffdea802c9c jvm.dll
stack at sp + 7 slots: 0x00000193fa670318 points into unknown readable memory: 0x0000000000000000 | 00 00 00 00 00 00 00 00


Compiled method (n/a) 1676 1101     n 0       java.lang.ClassLoader::defineClass1 (native)
 total in heap  [0x00000193a7b6de10,0x00000193a7b6e298] = 1160
 relocation     [0x00000193a7b6df70,0x00000193a7b6dfa8] = 56
 main code      [0x00000193a7b6dfc0,0x00000193a7b6e296] = 726
 stub code      [0x00000193a7b6e296,0x00000193a7b6e298] = 2

[Constant Pool (empty)]

[MachCode]
[Entry Point]
  # {method} {0x00000193b4436820} 'defineClass1' '(Ljava/lang/ClassLoader;Ljava/lang/String;[BIILjava/security/ProtectionDomain;Ljava/lang/String;)Ljava/lang/Class;' in 'java/lang/ClassLoader'
  # parm0:    rdx:rdx   = 'java/lang/ClassLoader'
  # parm1:    r8:r8     = 'java/lang/String'
  # parm2:    r9:r9     = '[B'
  # parm3:    rdi       = int
  # parm4:    rsi       = int
  # parm5:    rcx:rcx   = 'java/security/ProtectionDomain'
  # parm6:    [sp+0xa0]   = 'java/lang/String'  (sp of caller)
  0x00000193a7b6dfc0: 448b 5208 | 49bb 0000 | 00b4 9301 | 0000 4d03 | d349 3bc2 | 0f84 0600 

  0x00000193a7b6dfd8: ;   {runtime_call ic_miss_stub}
  0x00000193a7b6dfd8: 0000 e9a1 | 04a4 ff90 
[Verified Entry Point]
  0x00000193a7b6dfe0: 8984 2400 | 80ff ff55 | 488b ec48 | 81ec 9000 | 0000 6690 | 4181 7f20 | 0100 0000 

  0x00000193a7b6dffc: ;   {runtime_call StubRoutines (final stubs)}
  0x00000193a7b6dffc: 7405 e8dd | a9a2 ff48 | 837d 1000 | 488d 4510 | 480f 4445 | 1048 8944 | 2440 4889 | 4c24 7048 
  0x00000193a7b6e01c: 83f9 0048 | 8d44 2470 | 480f 4444 | 2470 4889 | 4424 3848 | 8974 2430 | 4889 7c24 | 284c 894c 
  0x00000193a7b6e03c: 2458 4983 | f900 488d | 4424 5848 | 0f44 4424 | 5848 8944 | 2420 4c89 | 4424 5049 | 83f8 004c 
  0x00000193a7b6e05c: 8d4c 2450 | 4c0f 444c | 2450 4889 | 5424 4848 | 83fa 004c | 8d44 2448 | 4c0f 4444 

  0x00000193a7b6e078: ;   {oop(a 'java/lang/Class'{0x0000000080000e68} = 'java/lang/ClassLoader')}
  0x00000193a7b6e078: 2448 49be | 680e 0080 | 0000 0000 | 4c89 7424 | 784c 8d74 | 2478 498b | d6c5 f877 

  0x00000193a7b6e094: ;   {internal_word}
  0x00000193a7b6e094: 49ba 91e0 | b6a7 9301 | 0000 4d89 | 97a0 0300 | 0049 89a7 | 9803 0000 

  0x00000193a7b6e0ac: ;   {external_word}
  0x00000193a7b6e0ac: 49ba cf4d | efea fd7f | 0000 4180 | 3a00 0f84 | 4e00 0000 | 5241 5041 

  0x00000193a7b6e0c4: ;   {metadata({method} {0x00000193b4436820} 'defineClass1' '(Ljava/lang/ClassLoader;Ljava/lang/String;[BIILjava/security/ProtectionDomain;Ljava/lang/String;)Ljava/lang/Class;' in 'java/lang/ClassLoader')}
  0x00000193a7b6e0c4: 5148 ba18 | 6843 b493 | 0100 0049 | 8bcf 4883 | ec20 40f6 | c40f 0f84 | 1900 0000 | 4883 ec08 
  0x00000193a7b6e0e4: ;   {runtime_call}
  0x00000193a7b6e0e4: 48b8 40d5 | 98ea fd7f | 0000 ffd0 | 4883 c408 | e90c 0000 

  0x00000193a7b6e0f8: ;   {runtime_call}
  0x00000193a7b6e0f8: 0048 b840 | d598 eafd | 7f00 00ff | d048 83c4 | 2041 5941 | 585a 498d | 8fb8 0300 | 0041 c787 
  0x00000193a7b6e118: 4404 0000 | 0400 0000 

  0x00000193a7b6e120: ;   {runtime_call}
  0x00000193a7b6e120: 48b8 ac16 | 5480 fe7f | 0000 ffd0 | c5f8 7741 | c787 4404 | 0000 0500 | 0000 f083 | 4424 c000 
  0x00000193a7b6e140: 493b af48 | 0400 000f | 870e 0000 | 0041 83bf | 4004 0000 | 000f 842b | 0000 00c5 | f877 4889 
  0x00000193a7b6e160: 45f8 498b | cf4c 8be4 | 4883 ec20 | 4883 e4f0 

  0x00000193a7b6e170: ;   {runtime_call}
  0x00000193a7b6e170: 48b8 e04b | 64ea fd7f | 0000 ffd0 | 498b e44d | 33e4 488b | 45f8 41c7 | 8744 0400 | 0008 0000 
  0x00000193a7b6e190: 0041 83bf | c004 0000 | 020f 84ca 

  0x00000193a7b6e19c: ;   {external_word}
  0x00000193a7b6e19c: 0000 0049 | bacf 4def | eafd 7f00 | 0041 803a | 000f 844c | 0000 0048 

  0x00000193a7b6e1b4: ;   {metadata({method} {0x00000193b4436820} 'defineClass1' '(Ljava/lang/ClassLoader;Ljava/lang/String;[BIILjava/security/ProtectionDomain;Ljava/lang/String;)Ljava/lang/Class;' in 'java/lang/ClassLoader')}
  0x00000193a7b6e1b4: 8945 f848 | ba18 6843 | b493 0100 | 0049 8bcf | 4883 ec20 | 40f6 c40f | 0f84 1900 | 0000 4883 
  0x00000193a7b6e1d4: ;   {runtime_call}
  0x00000193a7b6e1d4: ec08 48b8 | 40d5 98ea | fd7f 0000 | ffd0 4883 | c408 e90c 

  0x00000193a7b6e1e8: ;   {runtime_call}
  0x00000193a7b6e1e8: 0000 0048 | b840 d598 | eafd 7f00 | 00ff d048 | 83c4 2048 | 8b45 f849 | c787 9803 | 0000 0000 
  0x00000193a7b6e208: 0000 49c7 | 87a0 0300 | 0000 0000 | 00c5 f877 | 4885 c00f | 8425 0000 | 00a8 030f | 8508 0000 
  0x00000193a7b6e228: 0048 8b00 | e915 0000 | 00a8 010f | 8509 0000 | 0048 8b40 | fee9 0400 | 0000 488b | 40ff 498b 
  0x00000193a7b6e248: 8f28 0400 | 00c7 8100 | 0100 0000 | 0000 00c9 | 4983 7f08 | 000f 8501 | 0000 00c3 

  0x00000193a7b6e264: ;   {runtime_call StubRoutines (initial stubs)}
  0x00000193a7b6e264: e997 2c9f | ffc5 f877 | 4889 45f8 | 4c8b e448 | 83ec 2048 

  0x00000193a7b6e278: ;   {runtime_call}
  0x00000193a7b6e278: 83e4 f048 | b890 0c99 | eafd 7f00 | 00ff d049 | 8be4 4d33 | e448 8b45 | f8e9 09ff | ffff f4f4 
[/MachCode]


Compiled method (c1) 1685 1743       3       java.lang.ClassLoader::defineClass (43 bytes)
 total in heap  [0x00000193a0336b90,0x00000193a03374f0] = 2400
 relocation     [0x00000193a0336cf0,0x00000193a0336d90] = 160
 main code      [0x00000193a0336da0,0x00000193a0337240] = 1184
 stub code      [0x00000193a0337240,0x00000193a03372b8] = 120
 metadata       [0x00000193a03372b8,0x00000193a03372e8] = 48
 scopes data    [0x00000193a03372e8,0x00000193a03373d8] = 240
 scopes pcs     [0x00000193a03373d8,0x00000193a03374b8] = 224
 dependencies   [0x00000193a03374b8,0x00000193a03374c8] = 16
 nul chk table  [0x00000193a03374c8,0x00000193a03374f0] = 40

[Constant Pool (empty)]

[MachCode]
[Entry Point]
  # {method} {0x00000193b4436ba0} 'defineClass' '(Ljava/lang/String;[BIILjava/security/ProtectionDomain;)Ljava/lang/Class;' in 'java/lang/ClassLoader'
  # this:     rdx:rdx   = 'java/lang/ClassLoader'
  # parm0:    r8:r8     = 'java/lang/String'
  # parm1:    r9:r9     = '[B'
  # parm2:    rdi       = int
  # parm3:    rsi       = int
  # parm4:    rcx:rcx   = 'java/security/ProtectionDomain'
  #           [sp+0xc0]  (sp of caller)
  0x00000193a0336da0: 448b 5208 | 49bb 0000 | 00b4 9301 | 0000 4d03 | d34c 3bd0 

  0x00000193a0336db4: ;   {runtime_call ic_miss_stub}
  0x00000193a0336db4: 0f85 c676 | 2707 660f | 1f44 0000 
[Verified Entry Point]
  0x00000193a0336dc0: 8984 2400 | 80ff ff55 | 4881 ecb0 | 0000 0090 | 4181 7f20 | 0100 0000 

  0x00000193a0336dd8: ;   {runtime_call StubRoutines (final stubs)}
  0x00000193a0336dd8: 7405 e801 | 1c26 0748 | 8954 2478 

  0x00000193a0336de4: ;   {metadata(method data for {method} {0x00000193b4436ba0} 'defineClass' '(Ljava/lang/String;[BIILjava/security/ProtectionDomain;)Ljava/lang/Class;' in 'java/lang/ClassLoader')}
  0x00000193a0336de4: 48bb 186a | 36f6 9301 | 0000 8b83 | cc00 0000 | 83c0 0289 | 83cc 0000 | 0025 fe07 | 0000 85c0 
  0x00000193a0336e04: 0f84 5803 | 0000 89b4 | 2494 0000 | 0089 bc24 | 9000 0000 | 4c89 8c24 | 8800 0000 

  0x00000193a0336e20: ;   {metadata(method data for {method} {0x00000193b4436ba0} 'defineClass' '(Ljava/lang/String;[BIILjava/security/ProtectionDomain;)Ljava/lang/Class;' in 'java/lang/ClassLoader')}
  0x00000193a0336e20: 488b da48 | b818 6a36 | f693 0100 | 0048 8380 | 1001 0000 | 0149 8bd8 | 4c8b c34c | 8bc9 488b 
  0x00000193a0336e40: ca48 8bd1 | 4889 9c24 | 8000 0000 

  0x00000193a0336e4c: ;   {optimized virtual_call}
  0x00000193a0336e4c: 6666 90e8 

  0x00000193a0336e50: ; ImmutableOopMap {[120]=Oop [128]=Oop [136]=Oop }
                      ;*invokevirtual preDefineClass {reexecute=0 rethrow=0 return_oop=0}
                      ; - java.lang.ClassLoader::defineClass@4
  0x00000193a0336e50: cc10 f2ff 

  0x00000193a0336e54: ;   {other}
  0x00000193a0336e54: 0f1f 8400 | c402 0000 | 4889 8424 | 9800 0000 | 488b 5424 

  0x00000193a0336e68: ;   {metadata(method data for {method} {0x00000193b4436ba0} 'defineClass' '(Ljava/lang/String;[BIILjava/security/ProtectionDomain;)Ljava/lang/Class;' in 'java/lang/ClassLoader')}
  0x00000193a0336e68: 7849 b818 | 6a36 f693 | 0100 0049 | 8380 4801 

  0x00000193a0336e78: ;   {metadata(method data for {method} {0x00000193b4436888} 'defineClassSourceLocation' '(Ljava/security/ProtectionDomain;)Ljava/lang/String;' in 'java/lang/ClassLoader')}
  0x00000193a0336e78: 0000 0149 | b830 7136 | f693 0100 | 0041 8b90 | cc00 0000 | 83c2 0241 | 8990 cc00 | 0000 81e2 
  0x00000193a0336e98: feff 1f00 | 85d2 0f84 | df02 0000 

  0x00000193a0336ea4: ; implicit exception: dispatches to 0x00000193a03371a4
  0x00000193a0336ea4: 483b 004c 

  0x00000193a0336ea8: ;   {metadata(method data for {method} {0x00000193b4436888} 'defineClassSourceLocation' '(Ljava/security/ProtectionDomain;)Ljava/lang/String;' in 'java/lang/ClassLoader')}
  0x00000193a0336ea8: 8bc0 48ba | 3071 36f6 | 9301 0000 | 4883 8210 | 0100 0001 | 448b 4010 

  0x00000193a0336ec0: ;   {metadata(method data for {method} {0x00000193b4436888} 'defineClassSourceLocation' '(Ljava/security/ProtectionDomain;)Ljava/lang/String;' in 'java/lang/ClassLoader')}
  0x00000193a0336ec0: 4d85 c048 | ba30 7136 | f693 0100 | 0048 c7c6 | 5801 0000 | 7507 48c7 | c648 0100 | 0048 8b3c 
  0x00000193a0336ee0: 3248 8d7f | 0148 893c | 320f 850f 

  0x00000193a0336eec: ;   {oop(nullptr)}
  0x00000193a0336eec: 0000 0048 | bb00 0000 | 0000 0000 | 00e9 a901 | 0000 493b | 0049 8bd0 

  0x00000193a0336f04: ;   {metadata(method data for {method} {0x00000193b4436888} 'defineClassSourceLocation' '(Ljava/security/ProtectionDomain;)Ljava/lang/String;' in 'java/lang/ClassLoader')}
  0x00000193a0336f04: 48be 3071 | 36f6 9301 | 0000 4883 | 8668 0100 | 0001 418b | 500c 4885 

  0x00000193a0336f1c: ;   {metadata(method data for {method} {0x00000193b4436888} 'defineClassSourceLocation' '(Ljava/security/ProtectionDomain;)Ljava/lang/String;' in 'java/lang/ClassLoader')}
  0x00000193a0336f1c: d248 be30 | 7136 f693 | 0100 0048 | c7c7 b001 | 0000 7507 | 48c7 c7a0 | 0100 0048 | 8b1c 3e48 
  0x00000193a0336f3c: 8d5b 0148 | 891c 3e0f | 850f 0000 

  0x00000193a0336f48: ;   {oop(nullptr)}
  0x00000193a0336f48: 0048 bb00 | 0000 0000 | 0000 00e9 | 4f01 0000 

  0x00000193a0336f58: ;   {metadata(method data for {method} {0x00000193b4436888} 'defineClassSourceLocation' '(Ljava/security/ProtectionDomain;)Ljava/lang/String;' in 'java/lang/ClassLoader')}
  0x00000193a0336f58: 48be 3071 | 36f6 9301 | 0000 4883 | 86c0 0100 | 0001 483b | 024c 8bc2 

  0x00000193a0336f70: ;   {metadata(method data for {method} {0x00000193b4436888} 'defineClassSourceLocation' '(Ljava/security/ProtectionDomain;)Ljava/lang/String;' in 'java/lang/ClassLoader')}
  0x00000193a0336f70: 48be 3071 | 36f6 9301 | 0000 4883 | 86f8 0100 

  0x00000193a0336f80: ;   {metadata(method data for {method} {0x00000193b401abf0} 'toString' '()Ljava/lang/String;' in 'java/net/URL')}
  0x00000193a0336f80: 0001 49b8 | 6862 36f6 | 9301 0000 | 418b b0cc | 0000 0083 | c602 4189 | b0cc 0000 | 0081 e6fe 
  0x00000193a0336fa0: ff1f 0085 | f60f 8408 | 0200 004c 

  0x00000193a0336fac: ;   {metadata(method data for {method} {0x00000193b401abf0} 'toString' '()Ljava/lang/String;' in 'java/net/URL')}
  0x00000193a0336fac: 8bc2 48be | 6862 36f6 | 9301 0000 | 4883 8610 | 0100 0001 

  0x00000193a0336fc0: ;   {metadata(method data for {method} {0x00000193b442a428} 'toExternalForm' '()Ljava/lang/String;' in 'java/net/URL')}
  0x00000193a0336fc0: 49b8 f8fc | 35f6 9301 | 0000 418b | b0cc 0000 | 0083 c602 | 4189 b0cc | 0000 0081 | e6fe ff1f 
  0x00000193a0336fe0: 0085 f60f | 84eb 0100 | 008b 7238 

  0x00000193a0336fec: ; implicit exception: dispatches to 0x00000193a03371f5
  0x00000193a0336fec: 483b 064c 

  0x00000193a0336ff0: ;   {metadata(method data for {method} {0x00000193b442a428} 'toExternalForm' '()Ljava/lang/String;' in 'java/net/URL')}
  0x00000193a0336ff0: 8bc6 48bf | f8fc 35f6 | 9301 0000 | 458b 4008 | 49ba 0000 | 00b4 9301 | 0000 4d03 | c24c 3b87 
  0x00000193a0337010: 2001 0000 | 750d 4883 | 8728 0100 | 0001 e960 | 0000 004c | 3b87 3001 | 0000 750d | 4883 8738 
  0x00000193a0337030: 0100 0001 | e94a 0000 | 0048 83bf | 2001 0000 | 0075 174c | 8987 2001 | 0000 48c7 | 8728 0100 
  0x00000193a0337050: 0001 0000 | 00e9 2900 | 0000 4883 | bf30 0100 | 0000 7517 | 4c89 8730 | 0100 0048 | c787 3801 
  0x00000193a0337070: 0000 0100 | 0000 e908 | 0000 0048 | 8387 1001 | 0000 014c | 8bc2 488b | d60f 1f40 | 0048 b8f8 
  0x00000193a0337090: 4a21 b493 

  0x00000193a0337094: ;   {virtual_call}
  0x00000193a0337094: 0100 00e8 

  0x00000193a0337098: ; ImmutableOopMap {[120]=Oop [128]=Oop [136]=Oop [152]=Oop }
                      ;*invokevirtual toExternalForm {reexecute=0 rethrow=0 return_oop=0}
                      ; - java.net.URL::toExternalForm@5
                      ; - java.net.URL::toString@1
                      ; - java.lang.ClassLoader::defineClassSourceLocation@22
                      ; - java.lang.ClassLoader::defineClass@12
  0x00000193a0337098: 641c f0ff 

  0x00000193a033709c: ;   {other}
  0x00000193a033709c: 0f1f 8400 | 0c05 0001 | 488b d848 | 8b84 2498 | 0000 008b | b424 9400 | 0000 8bbc | 2490 0000 
  0x00000193a03370bc: 004c 8b8c | 2488 0000 | 004c 8b84 | 2480 0000 | 0048 8b54 

  0x00000193a03370d0: ;   {metadata(method data for {method} {0x00000193b4436ba0} 'defineClass' '(Ljava/lang/String;[BIILjava/security/ProtectionDomain;)Ljava/lang/Class;' in 'java/lang/ClassLoader')}
  0x00000193a03370d0: 2478 48b9 | 186a 36f6 | 9301 0000 | 4883 8180 | 0100 0001 | 4c8b da49 | 8bd3 488b | c848 891c 
  0x00000193a03370f0: 2466 0f1f 

  0x00000193a03370f4: ;   {static_call}
  0x00000193a03370f4: 4400 00e8 

  0x00000193a03370f8: ; ImmutableOopMap {[120]=Oop [152]=Oop }
                      ;*invokestatic defineClass1 {reexecute=0 rethrow=0 return_oop=0}
                      ; - java.lang.ClassLoader::defineClass@27
  0x00000193a03370f8: e46e 8307 

  0x00000193a03370fc: ;   {other}
  0x00000193a03370fc: 0f1f 8400 | 6c05 0002 | 488b 5424 

  0x00000193a0337108: ;   {metadata(method data for {method} {0x00000193b4436ba0} 'defineClass' '(Ljava/lang/String;[BIILjava/security/ProtectionDomain;)Ljava/lang/Class;' in 'java/lang/ClassLoader')}
  0x00000193a0337108: 7849 b818 | 6a36 f693 | 0100 0049 | 8380 9001 | 0000 014c | 8bc0 4c8b | 8c24 9800 | 0000 488b 
  0x00000193a0337128: 5424 7848 | 8984 24a0 | 0000 000f 

  0x00000193a0337134: ;   {optimized virtual_call}
  0x00000193a0337134: 1f40 00e8 

  0x00000193a0337138: ; ImmutableOopMap {[160]=Oop }
                      ;*invokevirtual postDefineClass {reexecute=0 rethrow=0 return_oop=0}
                      ; - java.lang.ClassLoader::defineClass@37
  0x00000193a0337138: 643e faff 

  0x00000193a033713c: ;   {other}
  0x00000193a033713c: 0f1f 8400 | ac05 0003 | 488b 8424 | a000 0000 | 4881 c4b0 | 0000 005d 

  0x00000193a0337154: ;   {poll_return}
  0x00000193a0337154: 493b a748 | 0400 000f | 8799 0000 

  0x00000193a0337160: ;   {metadata({method} {0x00000193b4436ba0} 'defineClass' '(Ljava/lang/String;[BIILjava/security/ProtectionDomain;)Ljava/lang/Class;' in 'java/lang/ClassLoader')}
  0x00000193a0337160: 00c3 49ba | 986b 43b4 | 9301 0000 | 4c89 5424 | 0848 c704 | 24ff ffff 

  0x00000193a0337178: ;   {runtime_call counter_overflow Runtime1 stub}
  0x00000193a0337178: ffe8 82d2 

  0x00000193a033717c: ; ImmutableOopMap {rdx=Oop r8=Oop r9=Oop rcx=Oop [120]=Oop }
                      ;*synchronization entry
                      ; - java.lang.ClassLoader::defineClass@-1
  0x00000193a033717c: 3207 e987 

  0x00000193a0337180: ;   {metadata({method} {0x00000193b4436888} 'defineClassSourceLocation' '(Ljava/security/ProtectionDomain;)Ljava/lang/String;' in 'java/lang/ClassLoader')}
  0x00000193a0337180: fcff ff49 | ba80 6843 | b493 0100 | 004c 8954 | 2408 48c7 | 0424 ffff 

  0x00000193a0337198: ;   {runtime_call counter_overflow Runtime1 stub}
  0x00000193a0337198: ffff e861 

  0x00000193a033719c: ; ImmutableOopMap {rax=Oop [120]=Oop [128]=Oop [136]=Oop [152]=Oop }
                      ;*synchronization entry
                      ; - java.lang.ClassLoader::defineClassSourceLocation@-1
                      ; - java.lang.ClassLoader::defineClass@12
  0x00000193a033719c: d232 07e9 | 00fd ffff 

  0x00000193a03371a4: ;   {runtime_call throw_null_pointer_exception Runtime1 stub}
  0x00000193a03371a4: e857 6632 

  0x00000193a03371a8: ; ImmutableOopMap {rax=Oop [120]=Oop [128]=Oop [136]=Oop [152]=Oop }
                      ;*invokevirtual getCodeSource {reexecute=0 rethrow=0 return_oop=0}
                      ; - java.lang.ClassLoader::defineClassSourceLocation@1
                      ; - java.lang.ClassLoader::defineClass@12
                      ;   {runtime_call throw_null_pointer_exception Runtime1 stub}
  0x00000193a03371a8: 07e8 5266 

  0x00000193a03371ac: ; ImmutableOopMap {rax=Oop r8=Oop [120]=Oop [128]=Oop [136]=Oop [152]=Oop }
                      ;*invokevirtual getLocation {reexecute=0 rethrow=0 return_oop=0}
                      ; - java.lang.ClassLoader::defineClassSourceLocation@12
                      ; - java.lang.ClassLoader::defineClass@12
                      ;   {runtime_call throw_null_pointer_exception Runtime1 stub}
  0x00000193a03371ac: 3207 e84d 

  0x00000193a03371b0: ; ImmutableOopMap {rdx=Oop [120]=Oop [128]=Oop [136]=Oop [152]=Oop }
                      ;*invokevirtual toString {reexecute=0 rethrow=0 return_oop=0}
                      ; - java.lang.ClassLoader::defineClassSourceLocation@22
                      ; - java.lang.ClassLoader::defineClass@12
                      ;   {metadata({method} {0x00000193b401abf0} 'toString' '()Ljava/lang/String;' in 'java/net/URL')}
  0x00000193a03371b0: 6632 0749 | bae8 ab01 | b493 0100 | 004c 8954 | 2408 48c7 | 0424 ffff 

  0x00000193a03371c8: ;   {runtime_call counter_overflow Runtime1 stub}
  0x00000193a03371c8: ffff e831 

  0x00000193a03371cc: ; ImmutableOopMap {rdx=Oop [120]=Oop [128]=Oop [136]=Oop [152]=Oop }
                      ;*synchronization entry
                      ; - java.net.URL::toString@-1
                      ; - java.lang.ClassLoader::defineClassSourceLocation@22
                      ; - java.lang.ClassLoader::defineClass@12
  0x00000193a03371cc: d232 07e9 | d7fd ffff 

  0x00000193a03371d4: ;   {metadata({method} {0x00000193b442a428} 'toExternalForm' '()Ljava/lang/String;' in 'java/net/URL')}
  0x00000193a03371d4: 49ba 20a4 | 42b4 9301 | 0000 4c89 | 5424 0848 | c704 24ff 

  0x00000193a03371e8: ;   {runtime_call counter_overflow Runtime1 stub}
  0x00000193a03371e8: ffff ffe8 

  0x00000193a03371ec: ; ImmutableOopMap {rdx=Oop [120]=Oop [128]=Oop [136]=Oop [152]=Oop }
                      ;*synchronization entry
                      ; - java.net.URL::toExternalForm@-1
                      ; - java.net.URL::toString@1
                      ; - java.lang.ClassLoader::defineClassSourceLocation@22
                      ; - java.lang.ClassLoader::defineClass@12
  0x00000193a03371ec: 10d2 3207 | e9f4 fdff 

  0x00000193a03371f4: ;   {runtime_call throw_null_pointer_exception Runtime1 stub}
  0x00000193a03371f4: ffe8 0666 

  0x00000193a03371f8: ; ImmutableOopMap {rdx=Oop rsi=Oop [120]=Oop [128]=Oop [136]=Oop [152]=Oop }
                      ;*invokevirtual toExternalForm {reexecute=0 rethrow=0 return_oop=0}
                      ; - java.net.URL::toExternalForm@5
                      ; - java.net.URL::toString@1
                      ; - java.lang.ClassLoader::defineClassSourceLocation@22
                      ; - java.lang.ClassLoader::defineClass@12
                      ;   {internal_word}
  0x00000193a03371f8: 3207 49ba | 5471 33a0 | 9301 0000 | 4d89 9760 

  0x00000193a0337208: ;   {runtime_call SafepointBlob}
  0x00000193a0337208: 0400 00e9 | f0d8 2707 | 498b 87f8 | 0400 0049 | c787 f804 | 0000 0000 | 0000 49c7 | 8700 0500 
  0x00000193a0337228: 0000 0000 | 0048 81c4 | b000 0000 

  0x00000193a0337234: ;   {runtime_call unwind_exception Runtime1 stub}
  0x00000193a0337234: 5de9 c656 | 3207 f4f4 | f4f4 f4f4 
[Stub Code]
  0x00000193a0337240: ;   {no_reloc}
  0x00000193a0337240: 0f1f 4400 

  0x00000193a0337244: ;   {static_stub}
  0x00000193a0337244: 0048 bb00 | 0000 0000 

  0x00000193a033724c: ;   {runtime_call nmethod}
  0x00000193a033724c: 0000 00e9 | fbff ffff 

  0x00000193a0337254: ;   {static_stub}
  0x00000193a0337254: 48bb 0000 | 0000 0000 

  0x00000193a033725c: ;   {runtime_call nmethod}
  0x00000193a033725c: 0000 e9fb 

  0x00000193a0337260: ;   {static_stub}
  0x00000193a0337260: ffff ff48 | bb00 0000 | 0000 0000 

  0x00000193a033726c: ;   {runtime_call nmethod}
  0x00000193a033726c: 00e9 fbff 

  0x00000193a0337270: ;   {static_stub}
  0x00000193a0337270: ffff 48bb | 0000 0000 | 0000 0000 

  0x00000193a033727c: ;   {runtime_call nmethod}
  0x00000193a033727c: e9fb ffff 

  0x00000193a0337280: ;   {runtime_call handle_exception_from_callee Runtime1 stub}
  0x00000193a0337280: ffe8 7a8f 

  0x00000193a0337284: ;   {external_word}
  0x00000193a0337284: 3207 48b9 | 2053 c5ea | fd7f 0000 | 4883 e4f0 

  0x00000193a0337294: ;   {runtime_call}
  0x00000193a0337294: 48b8 90b7 | 87ea fd7f | 0000 ffd0 

  0x00000193a03372a0: ;   {section_word}
  0x00000193a03372a0: f449 baa1 | 7233 a093 | 0100 0041 

  0x00000193a03372ac: ;   {runtime_call DeoptimizationBlob}
  0x00000193a03372ac: 52e9 eeca | 2707 f4f4 | f4f4 f4f4 
[/MachCode]


Compiled method (c1) 1704 2127   !   3       org.eclipse.osgi.internal.loader.classpath.ClasspathManager::defineClass (636 bytes)
 total in heap  [0x00000193a0411f10,0x00000193a0416db8] = 20136
 relocation     [0x00000193a0412070,0x00000193a04124a8] = 1080
 main code      [0x00000193a04124c0,0x00000193a0415688] = 12744
 stub code      [0x00000193a0415688,0x00000193a04158e0] = 600
 oops           [0x00000193a04158e0,0x00000193a04158e8] = 8
 metadata       [0x00000193a04158e8,0x00000193a0415938] = 80
 scopes data    [0x00000193a0415938,0x00000193a04161d8] = 2208
 scopes pcs     [0x00000193a04161d8,0x00000193a04167a8] = 1488
 dependencies   [0x00000193a04167a8,0x00000193a04167c0] = 24
 handler table  [0x00000193a04167c0,0x00000193a0416cb8] = 1272
 nul chk table  [0x00000193a0416cb8,0x00000193a0416db8] = 256

[Constant Pool (empty)]

[MachCode]
[Entry Point]
  # {method} {0x00000193f6689a60} 'defineClass' '(Ljava/lang/String;[BLorg/eclipse/osgi/internal/loader/classpath/ClasspathEntry;Lorg/eclipse/osgi/storage/bundlefile/BundleEntry;Ljava/util/List;)Ljava/lang/Class;' in 'org/eclipse/osgi/internal/loader/classpath/ClasspathManager'
  # this:     rdx:rdx   = 'org/eclipse/osgi/internal/loader/classpath/ClasspathManager'
  # parm0:    r8:r8     = 'java/lang/String'
  # parm1:    r9:r9     = '[B'
  # parm2:    rdi:rdi   = 'org/eclipse/osgi/internal/loader/classpath/ClasspathEntry'
  # parm3:    rsi:rsi   = 'org/eclipse/osgi/storage/bundlefile/BundleEntry'
  # parm4:    rcx:rcx   = 'java/util/List'
  #           [sp+0x180]  (sp of caller)
  0x00000193a04124c0: 448b 5208 | 49bb 0000 | 00b4 9301 | 0000 4d03 | d34c 3bd0 

  0x00000193a04124d4: ;   {runtime_call ic_miss_stub}
  0x00000193a04124d4: 0f85 a6bf | 1907 660f | 1f44 0000 
[Verified Entry Point]
  0x00000193a04124e0: 8984 2400 | 80ff ff55 | 4881 ec70 | 0100 0090 | 4181 7f20 | 0100 0000 

  0x00000193a04124f8: ;   {runtime_call StubRoutines (final stubs)}
  0x00000193a04124f8: 7405 e8e1 | 6418 0748 | 8954 2478 | 4c89 8424 | 8800 0000 | 4c89 8c24 | 8000 0000 | 4889 bc24 
  0x00000193a0412518: a000 0000 | 4889 b424 | 9800 0000 | 4889 8c24 | 9000 0000 

  0x00000193a041252c: ;   {metadata(method data for {method} {0x00000193f6689a60} 'defineClass' '(Ljava/lang/String;[BLorg/eclipse/osgi/internal/loader/classpath/ClasspathEntry;Lorg/eclipse/osgi/storage/bundlefile/BundleEntry;Ljava/util/List;)Ljava/lang/Class;' in 'org/eclipse/osgi/internal/loader/classpath/ClasspathManager')}
  0x00000193a041252c: 48bb 0080 | a1f6 9301 | 0000 8b83 | cc00 0000 | 83c0 0289 | 83cc 0000 | 0025 fe07 | 0000 85c0 
  0x00000193a041254c: 0f84 7c28 | 0000 488b 

  0x00000193a0412554: ;   {metadata(method data for {method} {0x00000193f6689a60} 'defineClass' '(Ljava/lang/String;[BLorg/eclipse/osgi/internal/loader/classpath/ClasspathEntry;Lorg/eclipse/osgi/storage/bundlefile/BundleEntry;Ljava/util/List;)Ljava/lang/Class;' in 'org/eclipse/osgi/internal/loader/classpath/ClasspathManager')}
  0x00000193a0412554: da48 b800 | 80a1 f693 | 0100 0048 | 8380 1001 | 0000 0149 | 8bd8 4c8b | c34c 8bcf | 4c8b da49 
  0x00000193a0412574: ;   {optimized virtual_call}
  0x00000193a0412574: 8bd3 90e8 

  0x00000193a0412578: ; ImmutableOopMap {[120]=Oop [128]=Oop [136]=Oop [144]=Oop [152]=Oop [160]=Oop }
                      ;*invokespecial definePackage {reexecute=0 rethrow=0 return_oop=0}
                      ; - org.eclipse.osgi.internal.loader.classpath.ClasspathManager::defineClass@9 (line 733)
  0x00000193a0412578: 6411 faff 

  0x00000193a041257c: ;   {other}
  0x00000193a041257c: 0f1f 8400 | 6c06 0000 | 488b 5424 | 788b 7228 

  0x00000193a041258c: ; implicit exception: dispatches to 0x00000193a0414def
  0x00000193a041258c: 483b 0648 

  0x00000193a0412590: ;   {metadata(method data for {method} {0x00000193f6689a60} 'defineClass' '(Ljava/lang/String;[BLorg/eclipse/osgi/internal/loader/classpath/ClasspathEntry;Lorg/eclipse/osgi/storage/bundlefile/BundleEntry;Ljava/util/List;)Ljava/lang/Class;' in 'org/eclipse/osgi/internal/loader/classpath/ClasspathManager')}
  0x00000193a0412590: 8bfe 48bb | 0080 a1f6 | 9301 0000 | 8b7f 0849 | ba00 0000 | b493 0100 | 0049 03fa | 483b bb30 
  0x00000193a04125b0: 0100 0075 | 0d48 8383 | 3801 0000 | 01e9 6000 | 0000 483b | bb40 0100 | 0075 0d48 | 8383 4801 
  0x00000193a04125d0: 0000 01e9 | 4a00 0000 | 4883 bb30 | 0100 0000 | 7517 4889 | bb30 0100 | 0048 c783 | 3801 0000 
  0x00000193a04125f0: 0100 0000 | e929 0000 | 0048 83bb | 4001 0000 | 0075 1748 | 89bb 4001 | 0000 48c7 | 8348 0100 
  0x00000193a0412610: 0001 0000 | 00e9 0800 | 0000 4883 | 8320 0100 | 0001 488b | d648 b8d8 | 2212 b493 

  0x00000193a041262c: ;   {virtual_call}
  0x00000193a041262c: 0100 00e8 

  0x00000193a0412630: ; ImmutableOopMap {[120]=Oop [128]=Oop [136]=Oop [144]=Oop [152]=Oop [160]=Oop }
                      ;*invokevirtual get {reexecute=0 rethrow=0 return_oop=0}
                      ; - org.eclipse.osgi.internal.loader.classpath.ClasspathManager::defineClass@16 (line 734)
  0x00000193a0412630: 0c82 f2ff 

  0x00000193a0412634: ;   {other}
  0x00000193a0412634: 0f1f 8400 | 2407 0001 | 4885 c075 

  0x00000193a0412640: ;   {metadata(method data for {method} {0x00000193f6689a60} 'defineClass' '(Ljava/lang/String;[BLorg/eclipse/osgi/internal/loader/classpath/ClasspathEntry;Lorg/eclipse/osgi/storage/bundlefile/BundleEntry;Ljava/util/List;)Ljava/lang/Class;' in 'org/eclipse/osgi/internal/loader/classpath/ClasspathManager')}
  0x00000193a0412640: 1648 bf00 | 80a1 f693 | 0100 0080 | 8f51 0100 | 0001 e9cc 

  0x00000193a0412654: ;   {metadata('org/eclipse/osgi/internal/loader/classpath/ClasspathManager$DefineContext')}
  0x00000193a0412654: 0000 0048 | bae8 8e11 | b593 0100 | 008b 7008 | 49ba 0000 | 00b4 9301 | 0000 4903 | f248 3bd6 
  0x00000193a0412674: 0f85 8d00 

  0x00000193a0412678: ;   {metadata(method data for {method} {0x00000193f6689a60} 'defineClass' '(Ljava/lang/String;[BLorg/eclipse/osgi/internal/loader/classpath/ClasspathEntry;Lorg/eclipse/osgi/storage/bundlefile/BundleEntry;Ljava/util/List;)Ljava/lang/Class;' in 'org/eclipse/osgi/internal/loader/classpath/ClasspathManager')}
  0x00000193a0412678: 0000 48bf | 0080 a1f6 | 9301 0000 | 8b50 0849 | ba00 0000 | b493 0100 | 0049 03d2 | 483b 9768 
  0x00000193a0412698: 0100 0075 | 0d48 8387 | 7001 0000 | 01e9 7900 | 0000 483b | 9778 0100 | 0075 0d48 | 8387 8001 
  0x00000193a04126b8: 0000 01e9 | 6300 0000 | 4883 bf68 | 0100 0000 | 7517 4889 | 9768 0100 | 0048 c787 | 7001 0000 
  0x00000193a04126d8: 0100 0000 | e942 0000 | 0048 83bf | 7801 0000 | 0075 1748 | 8997 7801 | 0000 48c7 | 8780 0100 
  0x00000193a04126f8: 0001 0000 | 00e9 2100 | 0000 e91c 

  0x00000193a0412704: ;   {metadata(method data for {method} {0x00000193f6689a60} 'defineClass' '(Ljava/lang/String;[BLorg/eclipse/osgi/internal/loader/classpath/ClasspathEntry;Lorg/eclipse/osgi/storage/bundlefile/BundleEntry;Ljava/util/List;)Ljava/lang/Class;' in 'org/eclipse/osgi/internal/loader/classpath/ClasspathManager')}
  0x00000193a0412704: 0000 0048 | bf00 80a1 | f693 0100 | 0048 83af | 5801 0000 | 01e9 d626 | 0000 e900 | 0000 0048 
  0x00000193a0412724: 8bd0 4885 

  0x00000193a0412728: ;   {metadata(method data for {method} {0x00000193f6689a60} 'defineClass' '(Ljava/lang/String;[BLorg/eclipse/osgi/internal/loader/classpath/ClasspathEntry;Lorg/eclipse/osgi/storage/bundlefile/BundleEntry;Ljava/util/List;)Ljava/lang/Class;' in 'org/eclipse/osgi/internal/loader/classpath/ClasspathManager')}
  0x00000193a0412728: d248 be00 | 80a1 f693 | 0100 0048 | c7c7 9001 | 0000 7507 | 48c7 c7a0 | 0100 0048 | 8b04 3e48 
  0x00000193a0412748: 8d40 0148 | 8904 3e0f | 85ff 0200 

  0x00000193a0412754: ;   {metadata('org/eclipse/osgi/internal/loader/classpath/ClasspathManager$DefineContext')}
  0x00000193a0412754: 0048 bae8 | 8e11 b593 | 0100 0049 | 8b87 b801 | 0000 488d | 7818 493b | bfc8 0100 | 000f 8786 
  0x00000193a0412774: 2600 0049 | 89bf b801 | 0000 48c7 | 0001 0000 | 0048 8bca | 49ba 0000 | 00b4 9301 | 0000 492b 
  0x00000193a0412794: ca89 4808 | 4833 c989 | 480c 4833 | c948 8948 | 1048 8984 | 24b0 0000 | 0048 8bd0 

  0x00000193a04127b0: ;   {metadata(method data for {method} {0x00000193f6689a60} 'defineClass' '(Ljava/lang/String;[BLorg/eclipse/osgi/internal/loader/classpath/ClasspathEntry;Lorg/eclipse/osgi/storage/bundlefile/BundleEntry;Ljava/util/List;)Ljava/lang/Class;' in 'org/eclipse/osgi/internal/loader/classpath/ClasspathManager')}
  0x00000193a04127b0: 48be 0080 | a1f6 9301 | 0000 4883 | 86b0 0100 

  0x00000193a04127c0: ;   {metadata(method data for {method} {0x00000193f6736800} '<init>' '()V' in 'org/eclipse/osgi/internal/loader/classpath/ClasspathManager$DefineContext')}
  0x00000193a04127c0: 0001 48ba | 7064 acf6 | 9301 0000 | 8bb2 cc00 | 0000 83c6 | 0289 b2cc | 0000 0081 | e6fe ff1f 
  0x00000193a04127e0: 0085 f60f | 8421 2600 | 0048 8bd0 

  0x00000193a04127ec: ;   {metadata(method data for {method} {0x00000193f6736800} '<init>' '()V' in 'org/eclipse/osgi/internal/loader/classpath/ClasspathManager$DefineContext')}
  0x00000193a04127ec: 48be 7064 | acf6 9301 | 0000 4883 | 8610 0100 

  0x00000193a04127fc: ;   {metadata(method data for {method} {0x00000193b4476568} '<init>' '()V' in 'java/lang/Object')}
  0x00000193a04127fc: 0001 48ba | 6067 00f6 | 9301 0000 | 8bb2 cc00 | 0000 83c6 | 0289 b2cc | 0000 0081 | e6fe ff1f 
  0x00000193a041281c: 0085 f60f | 8406 2600 

  0x00000193a0412824: ;   {metadata('java/util/ArrayList')}
  0x00000193a0412824: 0048 bae8 | a20b b493 | 0100 0049 | 8b87 b801 | 0000 488d | 7818 493b | bfc8 0100 | 000f 8705 
  0x00000193a0412844: 2600 0049 | 89bf b801 | 0000 48c7 | 0001 0000 | 0048 8bca | 49ba 0000 | 00b4 9301 | 0000 492b 
  0x00000193a0412864: ca89 4808 | 4833 c989 | 480c 4833 | c948 8948 | 104c 8bc0 

  0x00000193a0412878: ;   {metadata(method data for {method} {0x00000193f6736800} '<init>' '()V' in 'org/eclipse/osgi/internal/loader/classpath/ClasspathManager$DefineContext')}
  0x00000193a0412878: 48ba 7064 | acf6 9301 | 0000 4883 | 8220 0100 | 0001 41b8 | 0500 0000 | 488b d048 | 8984 24a8 
  0x00000193a0412898: 0000 000f 

  0x00000193a041289c: ;   {optimized virtual_call}
  0x00000193a041289c: 1f40 00e8 

  0x00000193a04128a0: ; ImmutableOopMap {[120]=Oop [128]=Oop [136]=Oop [144]=Oop [152]=Oop [160]=Oop [168]=Oop [176]=Oop }
                      ;*invokespecial <init> {reexecute=0 rethrow=0 return_oop=0}
                      ; - org.eclipse.osgi.internal.loader.classpath.ClasspathManager$DefineContext::<init>@10 (line 705)
                      ; - org.eclipse.osgi.internal.loader.classpath.ClasspathManager::defineClass@33 (line 736)
  0x00000193a04128a0: dcbe 1907 

  0x00000193a04128a4: ;   {other}
  0x00000193a04128a4: 0f1f 8400 | 9409 0002 | 488b 9424 | a800 0000 | 488b 8424 | b000 0000 | 4c8b d244 | 8950 0c48 
  0x00000193a04128c4: 8d10 48c1 | ea09 48bb | 0000 3d9c | 9301 0000 | c604 1a00 

  0x00000193a04128d8: ;   {metadata('java/util/ArrayList')}
  0x00000193a04128d8: 48ba e8a2 | 0bb4 9301 | 0000 498b | 87b8 0100 | 0048 8d78 | 1849 3bbf | c801 0000 | 0f87 5f25 
  0x00000193a04128f8: 0000 4989 | bfb8 0100 | 0048 c700 | 0100 0000 | 488b ca49 | ba00 0000 | b493 0100 | 0049 2bca 
  0x00000193a0412918: 8948 0848 | 33c9 8948 | 0c48 33c9 | 4889 4810 

  0x00000193a0412928: ;   {metadata(method data for {method} {0x00000193f6736800} '<init>' '()V' in 'org/eclipse/osgi/internal/loader/classpath/ClasspathManager$DefineContext')}
  0x00000193a0412928: 4c8b c048 | ba70 64ac | f693 0100 | 0048 8382 | 3001 0000 | 0141 b805 | 0000 0048 | 8bd0 4889 
  0x00000193a0412948: 9c24 c000 | 0000 4889 | 8424 b800 

  0x00000193a0412954: ;   {optimized virtual_call}
  0x00000193a0412954: 0000 90e8 

  0x00000193a0412958: ; ImmutableOopMap {[120]=Oop [128]=Oop [136]=Oop [144]=Oop [152]=Oop [160]=Oop [176]=Oop [184]=Oop }
                      ;*invokespecial <init> {reexecute=0 rethrow=0 return_oop=0}
                      ; - org.eclipse.osgi.internal.loader.classpath.ClasspathManager$DefineContext::<init>@22 (line 706)
                      ; - org.eclipse.osgi.internal.loader.classpath.ClasspathManager::defineClass@33 (line 736)
  0x00000193a0412958: 24be 1907 

  0x00000193a041295c: ;   {other}
  0x00000193a041295c: 0f1f 8400 | 4c0a 0003 | 4c8b 8424 | b800 0000 | 488b 8424 | b000 0000 | 4d8b d044 | 8950 104c 
  0x00000193a041297c: 8d00 49c1 | e809 488b | 9c24 c000 | 0000 41c6 | 0418 0048 | 8b54 2478 | 8b72 2848 | 3b06 4c8b 
  0x00000193a041299c: ;   {metadata(method data for {method} {0x00000193f6689a60} 'defineClass' '(Ljava/lang/String;[BLorg/eclipse/osgi/internal/loader/classpath/ClasspathEntry;Lorg/eclipse/osgi/storage/bundlefile/BundleEntry;Ljava/util/List;)Ljava/lang/Class;' in 'org/eclipse/osgi/internal/loader/classpath/ClasspathManager')}
  0x00000193a041299c: c648 bf00 | 80a1 f693 | 0100 0045 | 8b40 0849 | ba00 0000 | b493 0100 | 004d 03c2 | 4c3b 87d0 
  0x00000193a04129bc: 0100 0075 | 0d48 8387 | d801 0000 | 01e9 6000 | 0000 4c3b | 87e0 0100 | 0075 0d48 | 8387 e801 
  0x00000193a04129dc: 0000 01e9 | 4a00 0000 | 4883 bfd0 | 0100 0000 | 7517 4c89 | 87d0 0100 | 0048 c787 | d801 0000 
  0x00000193a04129fc: 0100 0000 | e929 0000 | 0048 83bf | e001 0000 | 0075 174c | 8987 e001 | 0000 48c7 | 87e8 0100 
  0x00000193a0412a1c: 0001 0000 | 00e9 0800 | 0000 4883 | 87c0 0100 | 0001 4c8b | c048 8bd6 | 9048 b8ff | ffff ffff 
  0x00000193a0412a3c: ;   {virtual_call}
  0x00000193a0412a3c: ffff ffe8 

  0x00000193a0412a40: ; ImmutableOopMap {[120]=Oop [128]=Oop [136]=Oop [144]=Oop [152]=Oop [160]=Oop [176]=Oop }
                      ;*invokevirtual set {reexecute=0 rethrow=0 return_oop=0}
                      ; - org.eclipse.osgi.internal.loader.classpath.ClasspathManager::defineClass@44 (line 737)
  0x00000193a0412a40: 3cc0 1907 

  0x00000193a0412a44: ;   {other}
  0x00000193a0412a44: 0f1f 8400 | 340b 0004 | 488b 9424 | b000 0000 | 488b 7424 | 7844 8b46 | 1449 3b00 

  0x00000193a0412a60: ;   {metadata(method data for {method} {0x00000193f6689a60} 'defineClass' '(Ljava/lang/String;[BLorg/eclipse/osgi/internal/loader/classpath/ClasspathEntry;Lorg/eclipse/osgi/storage/bundlefile/BundleEntry;Ljava/util/List;)Ljava/lang/Class;' in 'org/eclipse/osgi/internal/loader/classpath/ClasspathManager')}
  0x00000193a0412a60: 498b f848 | bb00 80a1 | f693 0100 | 0048 8383 | f801 0000 | 0145 8b40 | 1049 3b00 

  0x00000193a0412a7c: ;   {metadata(method data for {method} {0x00000193f6689a60} 'defineClass' '(Ljava/lang/String;[BLorg/eclipse/osgi/internal/loader/classpath/ClasspathEntry;Lorg/eclipse/osgi/storage/bundlefile/BundleEntry;Ljava/util/List;)Ljava/lang/Class;' in 'org/eclipse/osgi/internal/loader/classpath/ClasspathManager')}
  0x00000193a0412a7c: 498b f848 | bb00 80a1 | f693 0100 | 0048 8383 | 4802 0000 | 0145 0fbe | 400d 4183 | e001 4585 
  0x00000193a0412a9c: ;   {metadata(method data for {method} {0x00000193f6689a60} 'defineClass' '(Ljava/lang/String;[BLorg/eclipse/osgi/internal/loader/classpath/ClasspathEntry;Lorg/eclipse/osgi/storage/bundlefile/BundleEntry;Ljava/util/List;)Ljava/lang/Class;' in 'org/eclipse/osgi/internal/loader/classpath/ClasspathManager')}
  0x00000193a0412a9c: c049 b800 | 80a1 f693 | 0100 0048 | c7c7 7802 | 0000 7407 | 48c7 c768 | 0200 0049 | 8b1c 3848 
  0x00000193a0412abc: 8d5b 0149 | 891c 380f | 841d 0000 | 004c 8b8c | 2480 0000 | 004c 898c | 24e8 0000 | 0048 8994 
  0x00000193a0412adc: 24c8 0000 | 00e9 fe07 | 0000 8b7a | 0c48 3b07 

  0x00000193a0412aec: ;   {metadata(method data for {method} {0x00000193f6689a60} 'defineClass' '(Ljava/lang/String;[BLorg/eclipse/osgi/internal/loader/classpath/ClasspathEntry;Lorg/eclipse/osgi/storage/bundlefile/BundleEntry;Ljava/util/List;)Ljava/lang/Class;' in 'org/eclipse/osgi/internal/loader/classpath/ClasspathManager')}
  0x00000193a0412aec: 4c8b c748 | bb00 80a1 | f693 0100 | 0045 8b40 | 0849 ba00 | 0000 b493 | 0100 004d | 03c2 4c3b 
  0x00000193a0412b0c: 8398 0200 | 0075 0d48 | 8383 a002 | 0000 01e9 | 6000 0000 | 4c3b 83a8 | 0200 0075 | 0d48 8383 
  0x00000193a0412b2c: b002 0000 | 01e9 4a00 | 0000 4883 | bb98 0200 | 0000 7517 | 4c89 8398 | 0200 0048 | c783 a002 
  0x00000193a0412b4c: 0000 0100 | 0000 e929 | 0000 0048 | 83bb a802 | 0000 0075 | 174c 8983 | a802 0000 | 48c7 83b0 
  0x00000193a0412b6c: 0200 0001 | 0000 00e9 | 0800 0000 | 4883 8388 | 0200 0001 | 4c8b 8424 | 8800 0000 | 4889 9424 
  0x00000193a0412b8c: c800 0000 | 488b d766 | 9048 b8ff | ffff ffff 

  0x00000193a0412b9c: ;   {virtual_call}
  0x00000193a0412b9c: ffff ffe8 

  0x00000193a0412ba0: ; ImmutableOopMap {[120]=Oop [128]=Oop [136]=Oop [144]=Oop [152]=Oop [160]=Oop [200]=Oop }
                      ;*invokeinterface contains {reexecute=0 rethrow=0 return_oop=0}
                      ; - org.eclipse.osgi.internal.loader.classpath.ClasspathManager::defineClass@66 (line 744)
  0x00000193a0412ba0: dcbe 1907 

  0x00000193a0412ba4: ;   {other}
  0x00000193a0412ba4: 0f1f 8400 | 940c 0005 

  0x00000193a0412bac: ;   {metadata(method data for {method} {0x00000193f6689a60} 'defineClass' '(Ljava/lang/String;[BLorg/eclipse/osgi/internal/loader/classpath/ClasspathEntry;Lorg/eclipse/osgi/storage/bundlefile/BundleEntry;Ljava/util/List;)Ljava/lang/Class;' in 'org/eclipse/osgi/internal/loader/classpath/ClasspathManager')}
  0x00000193a0412bac: 85c0 49b8 | 0080 a1f6 | 9301 0000 | 48c7 c2d0 | 0200 0075 | 0748 c7c2 | c002 0000 | 498b 3410 
  0x00000193a0412bcc: 488d 7601 | 4989 3410 | 0f85 5f1a | 0000 488b | 9424 c800 | 0000 8b72 | 0c48 3b06 

  0x00000193a0412be8: ;   {metadata(method data for {method} {0x00000193f6689a60} 'defineClass' '(Ljava/lang/String;[BLorg/eclipse/osgi/internal/loader/classpath/ClasspathEntry;Lorg/eclipse/osgi/storage/bundlefile/BundleEntry;Ljava/util/List;)Ljava/lang/Class;' in 'org/eclipse/osgi/internal/loader/classpath/ClasspathManager')}
  0x00000193a0412be8: 4c8b c648 | bf00 80a1 | f693 0100 | 0045 8b40 | 0849 ba00 | 0000 b493 | 0100 004d | 03c2 4c3b 
  0x00000193a0412c08: 87b8 0400 | 0075 0d48 | 8387 c004 | 0000 01e9 | 6000 0000 | 4c3b 87c8 | 0400 0075 | 0d48 8387 
  0x00000193a0412c28: d004 0000 | 01e9 4a00 | 0000 4883 | bfb8 0400 | 0000 7517 | 4c89 87b8 | 0400 0048 | c787 c004 
  0x00000193a0412c48: 0000 0100 | 0000 e929 | 0000 0048 | 83bf c804 | 0000 0075 | 174c 8987 | c804 0000 | 48c7 87d0 
  0x00000193a0412c68: 0400 0001 | 0000 00e9 | 0800 0000 | 4883 87a8 | 0400 0001 | 4c8b 8424 | 8800 0000 | 4889 9424 
  0x00000193a0412c88: c800 0000 | 488b d666 | 0f1f 4400 | 0048 b8ff | ffff ffff 

  0x00000193a0412c9c: ;   {virtual_call}
  0x00000193a0412c9c: ffff ffe8 

  0x00000193a0412ca0: ; ImmutableOopMap {[120]=Oop [128]=Oop [136]=Oop [144]=Oop [152]=Oop [160]=Oop [200]=Oop }
                      ;*invokeinterface add {reexecute=0 rethrow=0 return_oop=0}
                      ; - org.eclipse.osgi.internal.loader.classpath.ClasspathManager::defineClass@161 (line 750)
  0x00000193a0412ca0: dcbd 1907 

  0x00000193a0412ca4: ;   {other}
  0x00000193a0412ca4: 0f1f 8400 | 940d 0006 | 488b 8c24 | 9000 0000 

  0x00000193a0412cb4: ; implicit exception: dispatches to 0x00000193a0414e84
  0x00000193a0412cb4: 483b 0148 

  0x00000193a0412cb8: ;   {metadata(method data for {method} {0x00000193f6689a60} 'defineClass' '(Ljava/lang/String;[BLorg/eclipse/osgi/internal/loader/classpath/ClasspathEntry;Lorg/eclipse/osgi/storage/bundlefile/BundleEntry;Ljava/util/List;)Ljava/lang/Class;' in 'org/eclipse/osgi/internal/loader/classpath/ClasspathManager')}
  0x00000193a0412cb8: 8bd1 48be | 0080 a1f6 | 9301 0000 | 8b52 0849 | ba00 0000 | b493 0100 | 0049 03d2 | 483b 96f0 
  0x00000193a0412cd8: 0400 0075 | 0d48 8386 | f804 0000 | 01e9 6000 | 0000 483b | 9600 0500 | 0075 0d48 | 8386 0805 
  0x00000193a0412cf8: 0000 01e9 | 4a00 0000 | 4883 bef0 | 0400 0000 | 7517 4889 | 96f0 0400 | 0048 c786 | f804 0000 
  0x00000193a0412d18: 0100 0000 | e929 0000 | 0048 83be | 0005 0000 | 0075 1748 | 8996 0005 | 0000 48c7 | 8608 0500 
  0x00000193a0412d38: 0001 0000 | 00e9 0800 | 0000 4883 | 86e0 0400 | 0001 488b | d148 b8ff | ffff ffff 

  0x00000193a0412d54: ;   {virtual_call}
  0x00000193a0412d54: ffff ffe8 

  0x00000193a0412d58: ; ImmutableOopMap {[120]=Oop [128]=Oop [136]=Oop [144]=Oop [152]=Oop [160]=Oop [200]=Oop }
                      ;*invokeinterface iterator {reexecute=0 rethrow=0 return_oop=0}
                      ; - org.eclipse.osgi.internal.loader.classpath.ClasspathManager::defineClass@169 (line 753)
  0x00000193a0412d58: 24bd 1907 

  0x00000193a0412d5c: ;   {other}
  0x00000193a0412d5c: 0f1f 8400 | 4c0e 0007 | 4889 8424 | d000 0000 

  0x00000193a0412d6c: ;   {metadata(method data for {method} {0x00000193f6689a60} 'defineClass' '(Ljava/lang/String;[BLorg/eclipse/osgi/internal/loader/classpath/ClasspathEntry;Lorg/eclipse/osgi/storage/bundlefile/BundleEntry;Ljava/util/List;)Ljava/lang/Class;' in 'org/eclipse/osgi/internal/loader/classpath/ClasspathManager')}
  0x00000193a0412d6c: 48ba 0080 | a1f6 9301 | 0000 ff82 | 1805 0000 | 4c8b 8c24 | 8000 0000 | 4c89 8c24 | d800 0000 
  0x00000193a0412d8c: e926 0300 | 000f 1f80 | 0000 0000 | 488b 8424 | d000 0000 

  0x00000193a0412da0: ;   {metadata(method data for {method} {0x00000193f6689a60} 'defineClass' '(Ljava/lang/String;[BLorg/eclipse/osgi/internal/loader/classpath/ClasspathEntry;Lorg/eclipse/osgi/storage/bundlefile/BundleEntry;Ljava/util/List;)Ljava/lang/Class;' in 'org/eclipse/osgi/internal/loader/classpath/ClasspathManager')}
  0x00000193a0412da0: 48ba 0080 | a1f6 9301 | 0000 8b40 | 0849 ba00 | 0000 b493 | 0100 0049 | 03c2 483b | 8240 0500 
  0x00000193a0412dc0: 0075 0d48 | 8382 4805 | 0000 01e9 | 6000 0000 | 483b 8250 | 0500 0075 | 0d48 8382 | 5805 0000 
  0x00000193a0412de0: 01e9 4a00 | 0000 4883 | ba40 0500 | 0000 7517 | 4889 8240 | 0500 0048 | c782 4805 | 0000 0100 
  0x00000193a0412e00: 0000 e929 | 0000 0048 | 83ba 5005 | 0000 0075 | 1748 8982 | 5005 0000 | 48c7 8258 | 0500 0001 
  0x00000193a0412e20: 0000 00e9 | 0800 0000 | 4883 8230 | 0500 0001 | 488b 9424 | d000 0000 | 0f1f 4400 | 0048 b8ff 
  0x00000193a0412e40: ffff ffff 

  0x00000193a0412e44: ;   {virtual_call}
  0x00000193a0412e44: ffff ffe8 

  0x00000193a0412e48: ; ImmutableOopMap {[120]=Oop [136]=Oop [144]=Oop [152]=Oop [160]=Oop [200]=Oop [208]=Oop [216]=Oop }
                      ;*invokeinterface next {reexecute=0 rethrow=0 return_oop=0}
                      ; - org.eclipse.osgi.internal.loader.classpath.ClasspathManager::defineClass@181 (line 753)
  0x00000193a0412e48: 34bc 1907 

  0x00000193a0412e4c: ;   {other}
  0x00000193a0412e4c: 0f1f 8400 | 3c0f 0008 | 4885 c075 

  0x00000193a0412e58: ;   {metadata(method data for {method} {0x00000193f6689a60} 'defineClass' '(Ljava/lang/String;[BLorg/eclipse/osgi/internal/loader/classpath/ClasspathEntry;Lorg/eclipse/osgi/storage/bundlefile/BundleEntry;Ljava/util/List;)Ljava/lang/Class;' in 'org/eclipse/osgi/internal/loader/classpath/ClasspathManager')}
  0x00000193a0412e58: 1648 bf00 | 80a1 f693 | 0100 0080 | 8f61 0500 | 0001 e9cd 

  0x00000193a0412e6c: ;   {metadata('org/eclipse/osgi/internal/hookregistry/ClassLoaderHook')}
  0x00000193a0412e6c: 0000 0048 | bb78 eb08 | b593 0100 | 008b 7808 | 49ba 0000 | 00b4 9301 | 0000 4903 | fa48 3b5f 
  0x00000193a0412e8c: 380f 858d 

  0x00000193a0412e90: ;   {metadata(method data for {method} {0x00000193f6689a60} 'defineClass' '(Ljava/lang/String;[BLorg/eclipse/osgi/internal/loader/classpath/ClasspathEntry;Lorg/eclipse/osgi/storage/bundlefile/BundleEntry;Ljava/util/List;)Ljava/lang/Class;' in 'org/eclipse/osgi/internal/loader/classpath/ClasspathManager')}
  0x00000193a0412e90: 0000 0048 | bf00 80a1 | f693 0100 | 008b 5808 | 49ba 0000 | 00b4 9301 | 0000 4903 | da48 3b9f 
  0x00000193a0412eb0: 7805 0000 | 750d 4883 | 8780 0500 | 0001 e979 | 0000 0048 | 3b9f 8805 | 0000 750d | 4883 8790 
  0x00000193a0412ed0: 0500 0001 | e963 0000 | 0048 83bf | 7805 0000 | 0075 1748 | 899f 7805 | 0000 48c7 | 8780 0500 
  0x00000193a0412ef0: 0001 0000 | 00e9 4200 | 0000 4883 | bf88 0500 | 0000 7517 | 4889 9f88 | 0500 0048 | c787 9005 
  0x00000193a0412f10: 0000 0100 | 0000 e921 | 0000 00e9 | 1c00 0000 

  0x00000193a0412f20: ;   {metadata(method data for {method} {0x00000193f6689a60} 'defineClass' '(Ljava/lang/String;[BLorg/eclipse/osgi/internal/loader/classpath/ClasspathEntry;Lorg/eclipse/osgi/storage/bundlefile/BundleEntry;Ljava/util/List;)Ljava/lang/Class;' in 'org/eclipse/osgi/internal/loader/classpath/ClasspathManager')}
  0x00000193a0412f20: 48bf 0080 | a1f6 9301 | 0000 4883 | af68 0500 | 0001 e952 | 1f00 00e9 | 0000 0000 | 488b f048 
  0x00000193a0412f40: 3b06 488b 

  0x00000193a0412f44: ;   {metadata(method data for {method} {0x00000193f6689a60} 'defineClass' '(Ljava/lang/String;[BLorg/eclipse/osgi/internal/loader/classpath/ClasspathEntry;Lorg/eclipse/osgi/storage/bundlefile/BundleEntry;Ljava/util/List;)Ljava/lang/Class;' in 'org/eclipse/osgi/internal/loader/classpath/ClasspathManager')}
  0x00000193a0412f44: d648 bf00 | 80a1 f693 | 0100 008b | 5208 49ba | 0000 00b4 | 9301 0000 | 4903 d248 | 3b97 b005 
  0x00000193a0412f64: 0000 750d | 4883 87b8 | 0500 0001 | e960 0000 | 0048 3b97 | c005 0000 | 750d 4883 | 87c8 0500 
  0x00000193a0412f84: 0001 e94a | 0000 0048 | 83bf b005 | 0000 0075 | 1748 8997 | b005 0000 | 48c7 87b8 | 0500 0001 
  0x00000193a0412fa4: 0000 00e9 | 2900 0000 | 4883 bfc0 | 0500 0000 | 7517 4889 | 97c0 0500 | 0048 c787 | c805 0000 
  0x00000193a0412fc4: 0100 0000 | e908 0000 | 0048 8387 | a005 0000 | 0148 8bd6 | 4889 b424 | e000 0000 | 0f1f 4400 
  0x00000193a0412fe4: 0048 b8ff | ffff ffff 

  0x00000193a0412fec: ;   {virtual_call}
  0x00000193a0412fec: ffff ffe8 

  0x00000193a0412ff0: ; ImmutableOopMap {[120]=Oop [136]=Oop [144]=Oop [152]=Oop [160]=Oop [200]=Oop [208]=Oop [216]=Oop [224]=Oop }
                      ;*invokevirtual isProcessClassRecursionSupported {reexecute=0 rethrow=0 return_oop=0}
                      ; - org.eclipse.osgi.internal.loader.classpath.ClasspathManager::defineClass@193 (line 754)
  0x00000193a0412ff0: 8cba 1907 

  0x00000193a0412ff4: ;   {other}
  0x00000193a0412ff4: 0f1f 8400 | e410 0009 

  0x00000193a0412ffc: ;   {metadata(method data for {method} {0x00000193f6689a60} 'defineClass' '(Ljava/lang/String;[BLorg/eclipse/osgi/internal/loader/classpath/ClasspathEntry;Lorg/eclipse/osgi/storage/bundlefile/BundleEntry;Ljava/util/List;)Ljava/lang/Class;' in 'org/eclipse/osgi/internal/loader/classpath/ClasspathManager')}
  0x00000193a0412ffc: 85c0 49b8 | 0080 a1f6 | 9301 0000 | 49c7 c1e8 | 0500 0074 | 0749 c7c1 | d805 0000 | 4b8b 3c08 
  0x00000193a041301c: 488d 7f01 | 4b89 3c08 | 0f84 0d00 | 0000 488b | 8424 d000 | 0000 e980 | 0000 0048 | 8bb4 24e0 
  0x00000193a041303c: 0000 0048 | 8b8c 2490 | 0000 0048 | 8b54 2478 

  0x00000193a041304c: ;   {metadata(method data for {method} {0x00000193f6689a60} 'defineClass' '(Ljava/lang/String;[BLorg/eclipse/osgi/internal/loader/classpath/ClasspathEntry;Lorg/eclipse/osgi/storage/bundlefile/BundleEntry;Ljava/util/List;)Ljava/lang/Class;' in 'org/eclipse/osgi/internal/loader/classpath/ClasspathManager')}
  0x00000193a041304c: 4c8b c249 | b900 80a1 | f693 0100 | 0049 8381 | f805 0000 | 014c 8bc6 | 4c8b 8c24 | 8800 0000 
  0x00000193a041306c: 488b bc24 | d800 0000 | 488b b424 | a000 0000 | 488b d948 | 8b8c 2498 | 0000 0048 | 8914 2448 
  0x00000193a041308c: 895c 2408 | 488b c248 

  0x00000193a0413094: ;   {optimized virtual_call}
  0x00000193a0413094: 8bd0 90e8 

  0x00000193a0413098: ; ImmutableOopMap {[120]=Oop [136]=Oop [144]=Oop [152]=Oop [160]=Oop [200]=Oop [208]=Oop [216]=Oop }
                      ;*invokespecial processClass {reexecute=0 rethrow=0 return_oop=0}
                      ; - org.eclipse.osgi.internal.loader.classpath.ClasspathManager::defineClass@210 (line 755)
  0x00000193a0413098: e4b6 1907 

  0x00000193a041309c: ;   {other}
  0x00000193a041309c: 0f1f 8400 | 8c11 000a | 4c8b c84c | 898c 24d8 | 0000 0048 | 8b84 24d0 | 0000 0048 | 3b00 488b 
  0x00000193a04130bc: ;   {metadata(method data for {method} {0x00000193f6689a60} 'defineClass' '(Ljava/lang/String;[BLorg/eclipse/osgi/internal/loader/classpath/ClasspathEntry;Lorg/eclipse/osgi/storage/bundlefile/BundleEntry;Ljava/util/List;)Ljava/lang/Class;' in 'org/eclipse/osgi/internal/loader/classpath/ClasspathManager')}
  0x00000193a04130bc: d849 bb00 | 80a1 f693 | 0100 008b | 5b08 49ba | 0000 00b4 | 9301 0000 | 4903 da49 | 3b9b 1806 
  0x00000193a04130dc: 0000 750d | 4983 8320 | 0600 0001 | e960 0000 | 0049 3b9b | 2806 0000 | 750d 4983 | 8330 0600 
  0x00000193a04130fc: 0001 e94a | 0000 0049 | 83bb 1806 | 0000 0075 | 1749 899b | 1806 0000 | 49c7 8320 | 0600 0001 
  0x00000193a041311c: 0000 00e9 | 2900 0000 | 4983 bb28 | 0600 0000 | 7517 4989 | 9b28 0600 | 0049 c783 | 3006 0000 
  0x00000193a041313c: 0100 0000 | e908 0000 | 0049 8383 | 0806 0000 | 0148 8bd0 | 0f1f 4400 | 0048 b8ff | ffff ffff 
  0x00000193a041315c: ;   {virtual_call}
  0x00000193a041315c: ffff ffe8 

  0x00000193a0413160: ; ImmutableOopMap {[120]=Oop [136]=Oop [144]=Oop [152]=Oop [160]=Oop [200]=Oop [208]=Oop [216]=Oop }
                      ;*invokeinterface hasNext {reexecute=0 rethrow=0 return_oop=0}
                      ; - org.eclipse.osgi.internal.loader.classpath.ClasspathManager::defineClass@216 (line 753)
  0x00000193a0413160: 1cb9 1907 

  0x00000193a0413164: ;   {other}
  0x00000193a0413164: 0f1f 8400 | 5412 000b | 85c0 ba02 | 0000 0075 | 05ba 0000 

  0x00000193a0413178: ;   {metadata(method data for {method} {0x00000193f6689a60} 'defineClass' '(Ljava/lang/String;[BLorg/eclipse/osgi/internal/loader/classpath/ClasspathEntry;Lorg/eclipse/osgi/storage/bundlefile/BundleEntry;Ljava/util/List;)Ljava/lang/Class;' in 'org/eclipse/osgi/internal/loader/classpath/ClasspathManager')}
  0x00000193a0413178: 0000 48be | 0080 a1f6 | 9301 0000 | 8bbe d000 | 0000 03fa | 89be d000 | 0000 85d2 | 7505 bf02 
  0x00000193a0413198: 0000 0081 | e7fe 3f00 | 0085 ff0f | 84f3 1c00 | 004d 8b97 

  0x00000193a04131ac: ; ImmutableOopMap {[120]=Oop [136]=Oop [144]=Oop [152]=Oop [160]=Oop [200]=Oop [208]=Oop [216]=Oop }
                      ;*ifne {reexecute=1 rethrow=0 return_oop=0}
                      ; - (reexecute) org.eclipse.osgi.internal.loader.classpath.ClasspathManager::defineClass@221 (line 753)
  0x00000193a04131ac: 5004 0000 

  0x00000193a04131b0: ;   {poll}
  0x00000193a04131b0: 4185 0285 

  0x00000193a04131b4: ;   {metadata(method data for {method} {0x00000193f6689a60} 'defineClass' '(Ljava/lang/String;[BLorg/eclipse/osgi/internal/loader/classpath/ClasspathEntry;Lorg/eclipse/osgi/storage/bundlefile/BundleEntry;Ljava/util/List;)Ljava/lang/Class;' in 'org/eclipse/osgi/internal/loader/classpath/ClasspathManager')}
  0x00000193a04131b4: c048 ba00 | 80a1 f693 | 0100 0048 | c7c6 4006 | 0000 7507 | 48c7 c650 | 0600 0048 | 8b3c 3248 
  0x00000193a04131d4: 8d7f 0148 | 893c 320f | 85b7 fbff | ff4c 8b8c | 24d8 0000 

  0x00000193a04131e8: ;   {metadata(method data for {method} {0x00000193f6689a60} 'defineClass' '(Ljava/lang/String;[BLorg/eclipse/osgi/internal/loader/classpath/ClasspathEntry;Lorg/eclipse/osgi/storage/bundlefile/BundleEntry;Ljava/util/List;)Ljava/lang/Class;' in 'org/eclipse/osgi/internal/loader/classpath/ClasspathManager')}
  0x00000193a04131e8: 0049 b800 | 80a1 f693 | 0100 0041 | ff80 6006 | 0000 4c89 | 8c24 d800 | 0000 488b | 9424 c800 
  0x00000193a0413208: 0000 8b72 | 0c48 3b06 

  0x00000193a0413210: ;   {metadata(method data for {method} {0x00000193f6689a60} 'defineClass' '(Ljava/lang/String;[BLorg/eclipse/osgi/internal/loader/classpath/ClasspathEntry;Lorg/eclipse/osgi/storage/bundlefile/BundleEntry;Ljava/util/List;)Ljava/lang/Class;' in 'org/eclipse/osgi/internal/loader/classpath/ClasspathManager')}
  0x00000193a0413210: 4c8b c648 | bf00 80a1 | f693 0100 | 0045 8b40 | 0849 ba00 | 0000 b493 | 0100 004d | 03c2 4c3b 
  0x00000193a0413230: 87c0 0600 | 0075 0d48 | 8387 c806 | 0000 01e9 | 6000 0000 | 4c3b 87d0 | 0600 0075 | 0d48 8387 
  0x00000193a0413250: d806 0000 | 01e9 4a00 | 0000 4883 | bfc0 0600 | 0000 7517 | 4c89 87c0 | 0600 0048 | c787 c806 
  0x00000193a0413270: 0000 0100 | 0000 e929 | 0000 0048 | 83bf d006 | 0000 0075 | 174c 8987 | d006 0000 | 48c7 87d8 
  0x00000193a0413290: 0600 0001 | 0000 00e9 | 0800 0000 | 4883 87b0 | 0600 0001 | 4c8b 8424 | 8800 0000 | 4889 9424 
  0x00000193a04132b0: c800 0000 | 488b d666 | 0f1f 4400 | 0048 b8ff | ffff ffff 

  0x00000193a04132c4: ;   {virtual_call}
  0x00000193a04132c4: ffff ffe8 

  0x00000193a04132c8: ; ImmutableOopMap {[120]=Oop [136]=Oop [144]=Oop [152]=Oop [160]=Oop [200]=Oop [216]=Oop }
                      ;*invokeinterface remove {reexecute=0 rethrow=0 return_oop=0}
                      ; - org.eclipse.osgi.internal.loader.classpath.ClasspathManager::defineClass@250 (line 759)
  0x00000193a04132c8: b4b7 1907 

  0x00000193a04132cc: ;   {other}
  0x00000193a04132cc: 0f1f 8400 | bc13 000d | 4c8b 8c24 | d800 0000 | 4c89 8c24 | e800 0000 | 488b 8c24 | 9000 0000 
  0x00000193a04132ec: ; implicit exception: dispatches to 0x00000193a0414ec2
  0x00000193a04132ec: 483b 0148 

  0x00000193a04132f0: ;   {metadata(method data for {method} {0x00000193f6689a60} 'defineClass' '(Ljava/lang/String;[BLorg/eclipse/osgi/internal/loader/classpath/ClasspathEntry;Lorg/eclipse/osgi/storage/bundlefile/BundleEntry;Ljava/util/List;)Ljava/lang/Class;' in 'org/eclipse/osgi/internal/loader/classpath/ClasspathManager')}
  0x00000193a04132f0: 8bd1 48be | 0080 a1f6 | 9301 0000 | 8b52 0849 | ba00 0000 | b493 0100 | 0049 03d2 | 483b 96f8 
  0x00000193a0413310: 0600 0075 | 0d48 8386 | 0007 0000 | 01e9 6000 | 0000 483b | 9608 0700 | 0075 0d48 | 8386 1007 
  0x00000193a0413330: 0000 01e9 | 4a00 0000 | 4883 bef8 | 0600 0000 | 7517 4889 | 96f8 0600 | 0048 c786 | 0007 0000 
  0x00000193a0413350: 0100 0000 | e929 0000 | 0048 83be | 0807 0000 | 0075 1748 | 8996 0807 | 0000 48c7 | 8610 0700 
  0x00000193a0413370: 0001 0000 | 00e9 0800 | 0000 4883 | 86e8 0600 | 0001 488b | d148 b890 | bc1c b493 

  0x00000193a041338c: ;   {virtual_call}
  0x00000193a041338c: 0100 00e8 

  0x00000193a0413390: ; ImmutableOopMap {[120]=Oop [136]=Oop [144]=Oop [152]=Oop [160]=Oop [200]=Oop [232]=Oop }
                      ;*invokeinterface iterator {reexecute=0 rethrow=0 return_oop=0}
                      ; - org.eclipse.osgi.internal.loader.classpath.ClasspathManager::defineClass@258 (line 764)
  0x00000193a0413390: 8c6f 7807 

  0x00000193a0413394: ;   {other}
  0x00000193a0413394: 0f1f 8400 | 8414 000e | 4889 8424 | f000 0000 

  0x00000193a04133a4: ;   {metadata(method data for {method} {0x00000193f6689a60} 'defineClass' '(Ljava/lang/String;[BLorg/eclipse/osgi/internal/loader/classpath/ClasspathEntry;Lorg/eclipse/osgi/storage/bundlefile/BundleEntry;Ljava/util/List;)Ljava/lang/Class;' in 'org/eclipse/osgi/internal/loader/classpath/ClasspathManager')}
  0x00000193a04133a4: 48ba 0080 | a1f6 9301 | 0000 ff82 | 2007 0000 | 4c8b 8c24 | e800 0000 | 4c89 8c24 | f800 0000 
  0x00000193a04133c4: e926 0300 | 000f 1f80 | 0000 0000 | 488b 8424 | f000 0000 

  0x00000193a04133d8: ;   {metadata(method data for {method} {0x00000193f6689a60} 'defineClass' '(Ljava/lang/String;[BLorg/eclipse/osgi/internal/loader/classpath/ClasspathEntry;Lorg/eclipse/osgi/storage/bundlefile/BundleEntry;Ljava/util/List;)Ljava/lang/Class;' in 'org/eclipse/osgi/internal/loader/classpath/ClasspathManager')}
  0x00000193a04133d8: 48ba 0080 | a1f6 9301 | 0000 8b40 | 0849 ba00 | 0000 b493 | 0100 0049 | 03c2 483b | 8248 0700 
  0x00000193a04133f8: 0075 0d48 | 8382 5007 | 0000 01e9 | 6000 0000 | 483b 8258 | 0700 0075 | 0d48 8382 | 6007 0000 
  0x00000193a0413418: 01e9 4a00 | 0000 4883 | ba48 0700 | 0000 7517 | 4889 8248 | 0700 0048 | c782 5007 | 0000 0100 
  0x00000193a0413438: 0000 e929 | 0000 0048 | 83ba 5807 | 0000 0075 | 1748 8982 | 5807 0000 | 48c7 8260 | 0700 0001 
  0x00000193a0413458: 0000 00e9 | 0800 0000 | 4883 8238 | 0700 0001 | 488b 9424 | f000 0000 | 0f1f 4400 | 0048 b8d8 
  0x00000193a0413478: 8c1d b493 

  0x00000193a041347c: ;   {virtual_call}
  0x00000193a041347c: 0100 00e8 

  0x00000193a0413480: ; ImmutableOopMap {[120]=Oop [136]=Oop [144]=Oop [152]=Oop [160]=Oop [200]=Oop [240]=Oop [248]=Oop }
                      ;*invokeinterface next {reexecute=0 rethrow=0 return_oop=0}
                      ; - org.eclipse.osgi.internal.loader.classpath.ClasspathManager::defineClass@270 (line 764)
  0x00000193a0413480: 3cd9 7707 

  0x00000193a0413484: ;   {other}
  0x00000193a0413484: 0f1f 8400 | 7415 000f | 4885 c075 

  0x00000193a0413490: ;   {metadata(method data for {method} {0x00000193f6689a60} 'defineClass' '(Ljava/lang/String;[BLorg/eclipse/osgi/internal/loader/classpath/ClasspathEntry;Lorg/eclipse/osgi/storage/bundlefile/BundleEntry;Ljava/util/List;)Ljava/lang/Class;' in 'org/eclipse/osgi/internal/loader/classpath/ClasspathManager')}
  0x00000193a0413490: 1648 bf00 | 80a1 f693 | 0100 0080 | 8f69 0700 | 0001 e9cd 

  0x00000193a04134a4: ;   {metadata('org/eclipse/osgi/internal/hookregistry/ClassLoaderHook')}
  0x00000193a04134a4: 0000 0048 | bb78 eb08 | b593 0100 | 008b 7808 | 49ba 0000 | 00b4 9301 | 0000 4903 | fa48 3b5f 
  0x00000193a04134c4: 380f 858d 

  0x00000193a04134c8: ;   {metadata(method data for {method} {0x00000193f6689a60} 'defineClass' '(Ljava/lang/String;[BLorg/eclipse/osgi/internal/loader/classpath/ClasspathEntry;Lorg/eclipse/osgi/storage/bundlefile/BundleEntry;Ljava/util/List;)Ljava/lang/Class;' in 'org/eclipse/osgi/internal/loader/classpath/ClasspathManager')}
  0x00000193a04134c8: 0000 0048 | bf00 80a1 | f693 0100 | 008b 5808 | 49ba 0000 | 00b4 9301 | 0000 4903 | da48 3b9f 
  0x00000193a04134e8: 8007 0000 | 750d 4883 | 8788 0700 | 0001 e979 | 0000 0048 | 3b9f 9007 | 0000 750d | 4883 8798 
  0x00000193a0413508: 0700 0001 | e963 0000 | 0048 83bf | 8007 0000 | 0075 1748 | 899f 8007 | 0000 48c7 | 8788 0700 
  0x00000193a0413528: 0001 0000 | 00e9 4200 | 0000 4883 | bf90 0700 | 0000 7517 | 4889 9f90 | 0700 0048 | c787 9807 
  0x00000193a0413548: 0000 0100 | 0000 e921 | 0000 00e9 | 1c00 0000 

  0x00000193a0413558: ;   {metadata(method data for {method} {0x00000193f6689a60} 'defineClass' '(Ljava/lang/String;[BLorg/eclipse/osgi/internal/loader/classpath/ClasspathEntry;Lorg/eclipse/osgi/storage/bundlefile/BundleEntry;Ljava/util/List;)Ljava/lang/Class;' in 'org/eclipse/osgi/internal/loader/classpath/ClasspathManager')}
  0x00000193a0413558: 48bf 0080 | a1f6 9301 | 0000 4883 | af70 0700 | 0001 e958 | 1900 00e9 | 0000 0000 | 488b f048 
  0x00000193a0413578: 3b06 488b 

  0x00000193a041357c: ;   {metadata(method data for {method} {0x00000193f6689a60} 'defineClass' '(Ljava/lang/String;[BLorg/eclipse/osgi/internal/loader/classpath/ClasspathEntry;Lorg/eclipse/osgi/storage/bundlefile/BundleEntry;Ljava/util/List;)Ljava/lang/Class;' in 'org/eclipse/osgi/internal/loader/classpath/ClasspathManager')}
  0x00000193a041357c: d648 bf00 | 80a1 f693 | 0100 008b | 5208 49ba | 0000 00b4 | 9301 0000 | 4903 d248 | 3b97 b807 
  0x00000193a041359c: 0000 750d | 4883 87c0 | 0700 0001 | e960 0000 | 0048 3b97 | c807 0000 | 750d 4883 | 87d0 0700 
  0x00000193a04135bc: 0001 e94a | 0000 0048 | 83bf b807 | 0000 0075 | 1748 8997 | b807 0000 | 48c7 87c0 | 0700 0001 
  0x00000193a04135dc: 0000 00e9 | 2900 0000 | 4883 bfc8 | 0700 0000 | 7517 4889 | 97c8 0700 | 0048 c787 | d007 0000 
  0x00000193a04135fc: 0100 0000 | e908 0000 | 0048 8387 | a807 0000 | 0148 8bd6 | 4889 b424 | 0001 0000 | 0f1f 4400 
  0x00000193a041361c: 0048 b830 | f008 b593 

  0x00000193a0413624: ;   {virtual_call}
  0x00000193a0413624: 0100 00e8 

  0x00000193a0413628: ; ImmutableOopMap {[120]=Oop [136]=Oop [144]=Oop [152]=Oop [160]=Oop [200]=Oop [240]=Oop [248]=Oop [256]=Oop }
                      ;*invokevirtual isProcessClassRecursionSupported {reexecute=0 rethrow=0 return_oop=0}
                      ; - org.eclipse.osgi.internal.loader.classpath.ClasspathManager::defineClass@282 (line 765)
  0x00000193a0413628: b497 1907 

  0x00000193a041362c: ;   {other}
  0x00000193a041362c: 0f1f 8400 | 1c17 0010 

  0x00000193a0413634: ;   {metadata(method data for {method} {0x00000193f6689a60} 'defineClass' '(Ljava/lang/String;[BLorg/eclipse/osgi/internal/loader/classpath/ClasspathEntry;Lorg/eclipse/osgi/storage/bundlefile/BundleEntry;Ljava/util/List;)Ljava/lang/Class;' in 'org/eclipse/osgi/internal/loader/classpath/ClasspathManager')}
  0x00000193a0413634: 85c0 49b8 | 0080 a1f6 | 9301 0000 | 49c7 c1f0 | 0700 0075 | 0749 c7c1 | e007 0000 | 4b8b 3c08 
  0x00000193a0413654: 488d 7f01 | 4b89 3c08 | 0f85 0d00 | 0000 488b | 8424 f000 | 0000 e980 | 0000 0048 | 8bb4 2400 
  0x00000193a0413674: 0100 0048 | 8b8c 2490 | 0000 0048 | 8b54 2478 

  0x00000193a0413684: ;   {metadata(method data for {method} {0x00000193f6689a60} 'defineClass' '(Ljava/lang/String;[BLorg/eclipse/osgi/internal/loader/classpath/ClasspathEntry;Lorg/eclipse/osgi/storage/bundlefile/BundleEntry;Ljava/util/List;)Ljava/lang/Class;' in 'org/eclipse/osgi/internal/loader/classpath/ClasspathManager')}
  0x00000193a0413684: 4c8b c249 | b900 80a1 | f693 0100 | 0049 8381 | 0008 0000 | 014c 8bc6 | 4c8b 8c24 | 8800 0000 
  0x00000193a04136a4: 488b bc24 | f800 0000 | 488b b424 | a000 0000 | 488b d948 | 8b8c 2498 | 0000 0048 | 8914 2448 
  0x00000193a04136c4: 895c 2408 | 488b c248 

  0x00000193a04136cc: ;   {optimized virtual_call}
  0x00000193a04136cc: 8bd0 90e8 

  0x00000193a04136d0: ; ImmutableOopMap {[120]=Oop [136]=Oop [144]=Oop [152]=Oop [160]=Oop [200]=Oop [240]=Oop [248]=Oop }
                      ;*invokespecial processClass {reexecute=0 rethrow=0 return_oop=0}
                      ; - org.eclipse.osgi.internal.loader.classpath.ClasspathManager::defineClass@299 (line 769)
  0x00000193a04136d0: ec44 f6ff 

  0x00000193a04136d4: ;   {other}
  0x00000193a04136d4: 0f1f 8400 | c417 0011 | 4c8b c84c | 898c 24f8 | 0000 0048 | 8b84 24f0 | 0000 0048 | 3b00 488b 
  0x00000193a04136f4: ;   {metadata(method data for {method} {0x00000193f6689a60} 'defineClass' '(Ljava/lang/String;[BLorg/eclipse/osgi/internal/loader/classpath/ClasspathEntry;Lorg/eclipse/osgi/storage/bundlefile/BundleEntry;Ljava/util/List;)Ljava/lang/Class;' in 'org/eclipse/osgi/internal/loader/classpath/ClasspathManager')}
  0x00000193a04136f4: f048 bf00 | 80a1 f693 | 0100 008b | 7608 49ba | 0000 00b4 | 9301 0000 | 4903 f248 | 3bb7 2008 
  0x00000193a0413714: 0000 750d | 4883 8728 | 0800 0001 | e960 0000 | 0048 3bb7 | 3008 0000 | 750d 4883 | 8738 0800 
  0x00000193a0413734: 0001 e94a | 0000 0048 | 83bf 2008 | 0000 0075 | 1748 89b7 | 2008 0000 | 48c7 8728 | 0800 0001 
  0x00000193a0413754: 0000 00e9 | 2900 0000 | 4883 bf30 | 0800 0000 | 7517 4889 | b730 0800 | 0048 c787 | 3808 0000 
  0x00000193a0413774: 0100 0000 | e908 0000 | 0048 8387 | 1008 0000 | 0148 8bd0 | 0f1f 4400 | 0048 b8d8 | 8c1d b493 
  0x00000193a0413794: ;   {virtual_call}
  0x00000193a0413794: 0100 00e8 

  0x00000193a0413798: ; ImmutableOopMap {[120]=Oop [136]=Oop [144]=Oop [152]=Oop [160]=Oop [200]=Oop [240]=Oop [248]=Oop }
                      ;*invokeinterface hasNext {reexecute=0 rethrow=0 return_oop=0}
                      ; - org.eclipse.osgi.internal.loader.classpath.ClasspathManager::defineClass@305 (line 764)
  0x00000193a0413798: 84f4 7107 

  0x00000193a041379c: ;   {other}
  0x00000193a041379c: 0f1f 8400 | 8c18 0012 | 85c0 ba02 | 0000 0075 | 05ba 0000 

  0x00000193a04137b0: ;   {metadata(method data for {method} {0x00000193f6689a60} 'defineClass' '(Ljava/lang/String;[BLorg/eclipse/osgi/internal/loader/classpath/ClasspathEntry;Lorg/eclipse/osgi/storage/bundlefile/BundleEntry;Ljava/util/List;)Ljava/lang/Class;' in 'org/eclipse/osgi/internal/loader/classpath/ClasspathManager')}
  0x00000193a04137b0: 0000 48be | 0080 a1f6 | 9301 0000 | 8bbe d000 | 0000 03fa | 89be d000 | 0000 85d2 | 7505 bf02 
  0x00000193a04137d0: 0000 0081 | e7fe 3f00 | 0085 ff0f | 84f9 1600 | 004d 8b97 

  0x00000193a04137e4: ; ImmutableOopMap {[120]=Oop [136]=Oop [144]=Oop [152]=Oop [160]=Oop [200]=Oop [240]=Oop [248]=Oop }
                      ;*ifne {reexecute=1 rethrow=0 return_oop=0}
                      ; - (reexecute) org.eclipse.osgi.internal.loader.classpath.ClasspathManager::defineClass@310 (line 764)
  0x00000193a04137e4: 5004 0000 

  0x00000193a04137e8: ;   {poll}
  0x00000193a04137e8: 4185 0285 

  0x00000193a04137ec: ;   {metadata(method data for {method} {0x00000193f6689a60} 'defineClass' '(Ljava/lang/String;[BLorg/eclipse/osgi/internal/loader/classpath/ClasspathEntry;Lorg/eclipse/osgi/storage/bundlefile/BundleEntry;Ljava/util/List;)Ljava/lang/Class;' in 'org/eclipse/osgi/internal/loader/classpath/ClasspathManager')}
  0x00000193a04137ec: c048 ba00 | 80a1 f693 | 0100 0048 | c7c6 4808 | 0000 7507 | 48c7 c658 | 0800 0048 | 8b3c 3248 
  0x00000193a041380c: 8d7f 0148 | 893c 320f | 85b7 fbff | ff48 8b94 | 24c8 0000 | 008b 7210 

  0x00000193a0413824: ; implicit exception: dispatches to 0x00000193a0414f00
  0x00000193a0413824: 483b 064c 

  0x00000193a0413828: ;   {metadata(method data for {method} {0x00000193f6689a60} 'defineClass' '(Ljava/lang/String;[BLorg/eclipse/osgi/internal/loader/classpath/ClasspathEntry;Lorg/eclipse/osgi/storage/bundlefile/BundleEntry;Ljava/util/List;)Ljava/lang/Class;' in 'org/eclipse/osgi/internal/loader/classpath/ClasspathManager')}
  0x00000193a0413828: 8bc6 48bf | 0080 a1f6 | 9301 0000 | 458b 4008 | 49ba 0000 | 00b4 9301 | 0000 4d03 | c24c 3b87 
  0x00000193a0413848: 7808 0000 | 750d 4883 | 8780 0800 | 0001 e960 | 0000 004c | 3b87 8808 | 0000 750d | 4883 8790 
  0x00000193a0413868: 0800 0001 | e94a 0000 | 0048 83bf | 7808 0000 | 0075 174c | 8987 7808 | 0000 48c7 | 8780 0800 
  0x00000193a0413888: 0001 0000 | 00e9 2900 | 0000 4883 | bf88 0800 | 0000 7517 | 4c89 8788 | 0800 0048 | c787 9008 
  0x00000193a04138a8: 0000 0100 | 0000 e908 | 0000 0048 | 8387 6808 | 0000 014c | 8b84 2488 | 0000 0048 | 8994 24c8 
  0x00000193a04138c8: 0000 0048 | 8bd6 0f1f | 8000 0000 | 0048 b8e8 | a20b b493 

  0x00000193a04138dc: ;   {virtual_call}
  0x00000193a04138dc: 0100 00e8 

  0x00000193a04138e0: ; ImmutableOopMap {[120]=Oop [136]=Oop [144]=Oop [152]=Oop [160]=Oop [200]=Oop [248]=Oop }
                      ;*invokeinterface contains {reexecute=0 rethrow=0 return_oop=0}
                      ; - org.eclipse.osgi.internal.loader.classpath.ClasspathManager::defineClass@319 (line 773)
  0x00000193a04138e0: dc53 f3ff 

  0x00000193a04138e4: ;   {other}
  0x00000193a04138e4: 0f1f 8400 | d419 0014 

  0x00000193a04138ec: ;   {metadata(method data for {method} {0x00000193f6689a60} 'defineClass' '(Ljava/lang/String;[BLorg/eclipse/osgi/internal/loader/classpath/ClasspathEntry;Lorg/eclipse/osgi/storage/bundlefile/BundleEntry;Ljava/util/List;)Ljava/lang/Class;' in 'org/eclipse/osgi/internal/loader/classpath/ClasspathManager')}
  0x00000193a04138ec: 85c0 48ba | 0080 a1f6 | 9301 0000 | 48c7 c6a0 | 0800 0074 | 0748 c7c6 | b008 0000 | 488b 3c32 
  0x00000193a041390c: 488d 7f01 | 4889 3c32 | 0f84 bc04 

  0x00000193a0413918: ;   {metadata(method data for {method} {0x00000193f6689a60} 'defineClass' '(Ljava/lang/String;[BLorg/eclipse/osgi/internal/loader/classpath/ClasspathEntry;Lorg/eclipse/osgi/storage/bundlefile/BundleEntry;Ljava/util/List;)Ljava/lang/Class;' in 'org/eclipse/osgi/internal/loader/classpath/ClasspathManager')}
  0x00000193a0413918: 0000 48ba | 0080 a1f6 | 9301 0000 | ff82 d008 

  0x00000193a0413928: ;   {metadata(method data for {method} {0x00000193f6689a60} 'defineClass' '(Ljava/lang/String;[BLorg/eclipse/osgi/internal/loader/classpath/ClasspathEntry;Lorg/eclipse/osgi/storage/bundlefile/BundleEntry;Ljava/util/List;)Ljava/lang/Class;' in 'org/eclipse/osgi/internal/loader/classpath/ClasspathManager')}
  0x00000193a0413928: 0000 48ba | 0080 a1f6 | 9301 0000 | ff82 e008 | 0000 488b | 8c24 9000 

  0x00000193a0413940: ;   {metadata(method data for {method} {0x00000193f6689a60} 'defineClass' '(Ljava/lang/String;[BLorg/eclipse/osgi/internal/loader/classpath/ClasspathEntry;Lorg/eclipse/osgi/storage/bundlefile/BundleEntry;Ljava/util/List;)Ljava/lang/Class;' in 'org/eclipse/osgi/internal/loader/classpath/ClasspathManager')}
  0x00000193a0413940: 0000 48ba | 0080 a1f6 | 9301 0000 | 8b49 0849 | ba00 0000 | b493 0100 | 0049 03ca | 483b 8a48 
  0x00000193a0413960: 0900 0075 | 0d48 8382 | 5009 0000 | 01e9 6000 | 0000 483b | 8a58 0900 | 0075 0d48 | 8382 6009 
  0x00000193a0413980: 0000 01e9 | 4a00 0000 | 4883 ba48 | 0900 0000 | 7517 4889 | 8a48 0900 | 0048 c782 | 5009 0000 
  0x00000193a04139a0: 0100 0000 | e929 0000 | 0048 83ba | 5809 0000 | 0075 1748 | 898a 5809 | 0000 48c7 | 8260 0900 
  0x00000193a04139c0: 0001 0000 | 00e9 0800 | 0000 4883 | 8238 0900 | 0001 488b | 9424 9000 | 0000 6666 | 9048 b8ff 
  0x00000193a04139e0: ffff ffff 

  0x00000193a04139e4: ;   {virtual_call}
  0x00000193a04139e4: ffff ffe8 

  0x00000193a04139e8: ; ImmutableOopMap {[120]=Oop [136]=Oop [152]=Oop [160]=Oop [248]=Oop }
                      ;*invokeinterface iterator {reexecute=0 rethrow=0 return_oop=0}
                      ; - org.eclipse.osgi.internal.loader.classpath.ClasspathManager::defineClass@358 (line 788)
  0x00000193a04139e8: 94b0 1907 

  0x00000193a04139ec: ;   {other}
  0x00000193a04139ec: 0f1f 8400 | dc1a 0015 | 4889 8424 | 0801 0000 

  0x00000193a04139fc: ;   {metadata(method data for {method} {0x00000193f6689a60} 'defineClass' '(Ljava/lang/String;[BLorg/eclipse/osgi/internal/loader/classpath/ClasspathEntry;Lorg/eclipse/osgi/storage/bundlefile/BundleEntry;Ljava/util/List;)Ljava/lang/Class;' in 'org/eclipse/osgi/internal/loader/classpath/ClasspathManager')}
  0x00000193a04139fc: 48ba 0080 | a1f6 9301 | 0000 ff82 | 7009 0000 | e99b 0200 | 000f 1f80 | 0000 0000 | 488b 8424 
  0x00000193a0413a1c: 0801 0000 

  0x00000193a0413a20: ;   {metadata(method data for {method} {0x00000193f6689a60} 'defineClass' '(Ljava/lang/String;[BLorg/eclipse/osgi/internal/loader/classpath/ClasspathEntry;Lorg/eclipse/osgi/storage/bundlefile/BundleEntry;Ljava/util/List;)Ljava/lang/Class;' in 'org/eclipse/osgi/internal/loader/classpath/ClasspathManager')}
  0x00000193a0413a20: 48be 0080 | a1f6 9301 | 0000 8b40 | 0849 ba00 | 0000 b493 | 0100 0049 | 03c2 483b | 8698 0900 
  0x00000193a0413a40: 0075 0d48 | 8386 a009 | 0000 01e9 | 6000 0000 | 483b 86a8 | 0900 0075 | 0d48 8386 | b009 0000 
  0x00000193a0413a60: 01e9 4a00 | 0000 4883 | be98 0900 | 0000 7517 | 4889 8698 | 0900 0048 | c786 a009 | 0000 0100 
  0x00000193a0413a80: 0000 e929 | 0000 0048 | 83be a809 | 0000 0075 | 1748 8986 | a809 0000 | 48c7 86b0 | 0900 0001 
  0x00000193a0413aa0: 0000 00e9 | 0800 0000 | 4883 8688 | 0900 0001 | 488b 9424 | 0801 0000 | 0f1f 4400 | 0048 b8ff 
  0x00000193a0413ac0: ffff ffff 

  0x00000193a0413ac4: ;   {virtual_call}
  0x00000193a0413ac4: ffff ffe8 

  0x00000193a0413ac8: ; ImmutableOopMap {[120]=Oop [136]=Oop [152]=Oop [160]=Oop [248]=Oop [264]=Oop }
                      ;*invokeinterface next {reexecute=0 rethrow=0 return_oop=0}
                      ; - org.eclipse.osgi.internal.loader.classpath.ClasspathManager::defineClass@370 (line 788)
  0x00000193a0413ac8: b4af 1907 

  0x00000193a0413acc: ;   {other}
  0x00000193a0413acc: 0f1f 8400 | bc1b 0016 | 4885 c075 

  0x00000193a0413ad8: ;   {metadata(method data for {method} {0x00000193f6689a60} 'defineClass' '(Ljava/lang/String;[BLorg/eclipse/osgi/internal/loader/classpath/ClasspathEntry;Lorg/eclipse/osgi/storage/bundlefile/BundleEntry;Ljava/util/List;)Ljava/lang/Class;' in 'org/eclipse/osgi/internal/loader/classpath/ClasspathManager')}
  0x00000193a0413ad8: 1749 b900 | 80a1 f693 | 0100 0041 | 8089 b909 | 0000 01e9 | ce00 0000 

  0x00000193a0413af0: ;   {metadata('org/eclipse/osgi/internal/hookregistry/ClassLoaderHook')}
  0x00000193a0413af0: 48bf 78eb | 08b5 9301 | 0000 448b | 4808 49ba | 0000 00b4 | 9301 0000 | 4d03 ca49 | 3b79 380f 
  0x00000193a0413b10: 858d 0000 

  0x00000193a0413b14: ;   {metadata(method data for {method} {0x00000193f6689a60} 'defineClass' '(Ljava/lang/String;[BLorg/eclipse/osgi/internal/loader/classpath/ClasspathEntry;Lorg/eclipse/osgi/storage/bundlefile/BundleEntry;Ljava/util/List;)Ljava/lang/Class;' in 'org/eclipse/osgi/internal/loader/classpath/ClasspathManager')}
  0x00000193a0413b14: 0049 b900 | 80a1 f693 | 0100 008b | 7808 49ba | 0000 00b4 | 9301 0000 | 4903 fa49 | 3bb9 d009 
  0x00000193a0413b34: 0000 750d | 4983 81d8 | 0900 0001 | e979 0000 | 0049 3bb9 | e009 0000 | 750d 4983 | 81e8 0900 
  0x00000193a0413b54: 0001 e963 | 0000 0049 | 83b9 d009 | 0000 0075 | 1749 89b9 | d009 0000 | 49c7 81d8 | 0900 0001 
  0x00000193a0413b74: 0000 00e9 | 4200 0000 | 4983 b9e0 | 0900 0000 | 7517 4989 | b9e0 0900 | 0049 c781 | e809 0000 
  0x00000193a0413b94: 0100 0000 | e921 0000 | 00e9 1c00 

  0x00000193a0413ba0: ;   {metadata(method data for {method} {0x00000193f6689a60} 'defineClass' '(Ljava/lang/String;[BLorg/eclipse/osgi/internal/loader/classpath/ClasspathEntry;Lorg/eclipse/osgi/storage/bundlefile/BundleEntry;Ljava/util/List;)Ljava/lang/Class;' in 'org/eclipse/osgi/internal/loader/classpath/ClasspathManager')}
  0x00000193a0413ba0: 0000 49b9 | 0080 a1f6 | 9301 0000 | 4983 a9c0 | 0900 0001 | e94c 1300 | 00e9 0000 | 0000 488b 
  0x00000193a0413bc0: d048 3b02 

  0x00000193a0413bc4: ;   {metadata(method data for {method} {0x00000193f6689a60} 'defineClass' '(Ljava/lang/String;[BLorg/eclipse/osgi/internal/loader/classpath/ClasspathEntry;Lorg/eclipse/osgi/storage/bundlefile/BundleEntry;Ljava/util/List;)Ljava/lang/Class;' in 'org/eclipse/osgi/internal/loader/classpath/ClasspathManager')}
  0x00000193a0413bc4: 4c8b c249 | b900 80a1 | f693 0100 | 0045 8b40 | 0849 ba00 | 0000 b493 | 0100 004d | 03c2 4d3b 
  0x00000193a0413be4: 8108 0a00 | 0075 0d49 | 8381 100a | 0000 01e9 | 6000 0000 | 4d3b 8118 | 0a00 0075 | 0d49 8381 
  0x00000193a0413c04: 200a 0000 | 01e9 4a00 | 0000 4983 | b908 0a00 | 0000 7517 | 4d89 8108 | 0a00 0049 | c781 100a 
  0x00000193a0413c24: 0000 0100 | 0000 e929 | 0000 0049 | 83b9 180a | 0000 0075 | 174d 8981 | 180a 0000 | 49c7 8120 
  0x00000193a0413c44: 0a00 0001 | 0000 00e9 | 0800 0000 | 4983 81f8 | 0900 0001 | 4c8b 8424 | 8800 0000 

  0x00000193a0413c60: ;   {oop(nullptr)}
  0x00000193a0413c60: 49b9 0000 | 0000 0000 | 0000 488b | bc24 f800 | 0000 488b | b424 a000 | 0000 488b | 8c24 9800 
  0x00000193a0413c80: 0000 488b | 5c24 7848 | 891c 2466 | 9048 b8ff | ffff ffff 

  0x00000193a0413c94: ;   {virtual_call}
  0x00000193a0413c94: ffff ffe8 

  0x00000193a0413c98: ; ImmutableOopMap {[120]=Oop [136]=Oop [152]=Oop [160]=Oop [248]=Oop [264]=Oop }
                      ;*invokevirtual recordClassDefine {reexecute=0 rethrow=0 return_oop=0}
                      ; - org.eclipse.osgi.internal.loader.classpath.ClasspathManager::defineClass@390 (line 789)
  0x00000193a0413c98: e4ad 1907 

  0x00000193a0413c9c: ;   {other}
  0x00000193a0413c9c: 0f1f 8400 | 8c1d 0017 | 488b 8424 | 0801 0000 

  0x00000193a0413cac: ; implicit exception: dispatches to 0x00000193a0414f13
  0x00000193a0413cac: 483b 0048 

  0x00000193a0413cb0: ;   {metadata(method data for {method} {0x00000193f6689a60} 'defineClass' '(Ljava/lang/String;[BLorg/eclipse/osgi/internal/loader/classpath/ClasspathEntry;Lorg/eclipse/osgi/storage/bundlefile/BundleEntry;Ljava/util/List;)Ljava/lang/Class;' in 'org/eclipse/osgi/internal/loader/classpath/ClasspathManager')}
  0x00000193a0413cb0: 8bf0 48bf | 0080 a1f6 | 9301 0000 | 8b76 0849 | ba00 0000 | b493 0100 | 0049 03f2 | 483b b740 
  0x00000193a0413cd0: 0a00 0075 | 0d48 8387 | 480a 0000 | 01e9 6000 | 0000 483b | b750 0a00 | 0075 0d48 | 8387 580a 
  0x00000193a0413cf0: 0000 01e9 | 4a00 0000 | 4883 bf40 | 0a00 0000 | 7517 4889 | b740 0a00 | 0048 c787 | 480a 0000 
  0x00000193a0413d10: 0100 0000 | e929 0000 | 0048 83bf | 500a 0000 | 0075 1748 | 89b7 500a | 0000 48c7 | 8758 0a00 
  0x00000193a0413d30: 0001 0000 | 00e9 0800 | 0000 4883 | 8730 0a00 | 0001 488b | d048 b8ff | ffff ffff 

  0x00000193a0413d4c: ;   {virtual_call}
  0x00000193a0413d4c: ffff ffe8 

  0x00000193a0413d50: ; ImmutableOopMap {[120]=Oop [136]=Oop [152]=Oop [160]=Oop [248]=Oop [264]=Oop }
                      ;*invokeinterface hasNext {reexecute=0 rethrow=0 return_oop=0}
                      ; - org.eclipse.osgi.internal.loader.classpath.ClasspathManager::defineClass@395 (line 788)
  0x00000193a0413d50: 2cad 1907 

  0x00000193a0413d54: ;   {other}
  0x00000193a0413d54: 0f1f 8400 | 441e 0018 | 85c0 ba02 | 0000 0075 | 05ba 0000 

  0x00000193a0413d68: ;   {metadata(method data for {method} {0x00000193f6689a60} 'defineClass' '(Ljava/lang/String;[BLorg/eclipse/osgi/internal/loader/classpath/ClasspathEntry;Lorg/eclipse/osgi/storage/bundlefile/BundleEntry;Ljava/util/List;)Ljava/lang/Class;' in 'org/eclipse/osgi/internal/loader/classpath/ClasspathManager')}
  0x00000193a0413d68: 0000 48be | 0080 a1f6 | 9301 0000 | 8bbe d000 | 0000 03fa | 89be d000 | 0000 85d2 | 7505 bf02 
  0x00000193a0413d88: 0000 0081 | e7fe 3f00 | 0085 ff0f | 847f 1100 | 004d 8b97 

  0x00000193a0413d9c: ; ImmutableOopMap {[120]=Oop [136]=Oop [152]=Oop [160]=Oop [248]=Oop [264]=Oop }
                      ;*ifne {reexecute=1 rethrow=0 return_oop=0}
                      ; - (reexecute) org.eclipse.osgi.internal.loader.classpath.ClasspathManager::defineClass@400 (line 788)
  0x00000193a0413d9c: 5004 0000 

  0x00000193a0413da0: ;   {poll}
  0x00000193a0413da0: 4185 0285 

  0x00000193a0413da4: ;   {metadata(method data for {method} {0x00000193f6689a60} 'defineClass' '(Ljava/lang/String;[BLorg/eclipse/osgi/internal/loader/classpath/ClasspathEntry;Lorg/eclipse/osgi/storage/bundlefile/BundleEntry;Ljava/util/List;)Ljava/lang/Class;' in 'org/eclipse/osgi/internal/loader/classpath/ClasspathManager')}
  0x00000193a0413da4: c048 ba00 | 80a1 f693 | 0100 0048 | c7c6 680a | 0000 7507 | 48c7 c678 | 0a00 0048 | 8b3c 3248 
  0x00000193a0413dc4: 8d7f 0148 | 893c 320f | 8547 fcff | ffe9 4308 | 0000 488b | 9424 c800 | 0000 8b72 | 1048 3b06 
  0x00000193a0413de4: ;   {metadata(method data for {method} {0x00000193f6689a60} 'defineClass' '(Ljava/lang/String;[BLorg/eclipse/osgi/internal/loader/classpath/ClasspathEntry;Lorg/eclipse/osgi/storage/bundlefile/BundleEntry;Ljava/util/List;)Ljava/lang/Class;' in 'org/eclipse/osgi/internal/loader/classpath/ClasspathManager')}
  0x00000193a0413de4: 4c8b c648 | bf00 80a1 | f693 0100 | 0045 8b40 | 0849 ba00 | 0000 b493 | 0100 004d | 03c2 4c3b 
  0x00000193a0413e04: 8798 0a00 | 0075 0d48 | 8387 a00a | 0000 01e9 | 6000 0000 | 4c3b 87a8 | 0a00 0075 | 0d48 8387 
  0x00000193a0413e24: b00a 0000 | 01e9 4a00 | 0000 4883 | bf98 0a00 | 0000 7517 | 4c89 8798 | 0a00 0048 | c787 a00a 
  0x00000193a0413e44: 0000 0100 | 0000 e929 | 0000 0048 | 83bf a80a | 0000 0075 | 174c 8987 | a80a 0000 | 48c7 87b0 
  0x00000193a0413e64: 0a00 0001 | 0000 00e9 | 0800 0000 | 4883 8788 | 0a00 0001 | 4c8b 8424 | 8800 0000 | 4889 9424 
  0x00000193a0413e84: c800 0000 | 488b d666 | 9048 b8e8 | a20b b493 

  0x00000193a0413e94: ;   {virtual_call}
  0x00000193a0413e94: 0100 00e8 

  0x00000193a0413e98: ; ImmutableOopMap {[120]=Oop [136]=Oop [144]=Oop [152]=Oop [160]=Oop [200]=Oop [248]=Oop }
                      ;*invokeinterface add {reexecute=0 rethrow=0 return_oop=0}
                      ; - org.eclipse.osgi.internal.loader.classpath.ClasspathManager::defineClass@411 (line 777)
  0x00000193a0413e98: 2434 7607 

  0x00000193a0413e9c: ;   {other}
  0x00000193a0413e9c: 0f1f 8400 | 8c1f 001a | 488b 5424 | 788b 7210 

  0x00000193a0413eac: ; implicit exception: dispatches to 0x00000193a0414f3e
  0x00000193a0413eac: 483b 064c 

  0x00000193a0413eb0: ;   {metadata(method data for {method} {0x00000193f6689a60} 'defineClass' '(Ljava/lang/String;[BLorg/eclipse/osgi/internal/loader/classpath/ClasspathEntry;Lorg/eclipse/osgi/storage/bundlefile/BundleEntry;Ljava/util/List;)Ljava/lang/Class;' in 'org/eclipse/osgi/internal/loader/classpath/ClasspathManager')}
  0x00000193a0413eb0: 8bc6 49b9 | 0080 a1f6 | 9301 0000 | 458b 4008 | 49ba 0000 | 00b4 9301 | 0000 4d03 | c24d 3b81 
  0x00000193a0413ed0: d00a 0000 | 750d 4983 | 81d8 0a00 | 0001 e960 | 0000 004d | 3b81 e00a | 0000 750d | 4983 81e8 
  0x00000193a0413ef0: 0a00 0001 | e94a 0000 | 0049 83b9 | d00a 0000 | 0075 174d | 8981 d00a | 0000 49c7 | 81d8 0a00 
  0x00000193a0413f10: 0001 0000 | 00e9 2900 | 0000 4983 | b9e0 0a00 | 0000 7517 | 4d89 81e0 | 0a00 0049 | c781 e80a 
  0x00000193a0413f30: 0000 0100 | 0000 e908 | 0000 0049 | 8381 c00a | 0000 014c | 8b84 2488 | 0000 004c | 8b8c 24f8 
  0x00000193a0413f50: 0000 0048 | 8bbc 24a0 | 0000 0048 

  0x00000193a0413f5c: ;   {optimized virtual_call}
  0x00000193a0413f5c: 8bd6 90e8 

  0x00000193a0413f60: ; ImmutableOopMap {[120]=Oop [136]=Oop [144]=Oop [152]=Oop [160]=Oop [200]=Oop [248]=Oop }
                      ;*invokevirtual defineClass {reexecute=0 rethrow=0 return_oop=0}
                      ; - org.eclipse.osgi.internal.loader.classpath.ClasspathManager::defineClass@424 (line 779)
  0x00000193a0413f60: 5918 0000 

  0x00000193a0413f64: ;   {other}
  0x00000193a0413f64: 0f1f 8400 | 5420 001b | 4889 8424 | 1001 0000 

  0x00000193a0413f74: ;   {metadata(method data for {method} {0x00000193f6689a60} 'defineClass' '(Ljava/lang/String;[BLorg/eclipse/osgi/internal/loader/classpath/ClasspathEntry;Lorg/eclipse/osgi/storage/bundlefile/BundleEntry;Ljava/util/List;)Ljava/lang/Class;' in 'org/eclipse/osgi/internal/loader/classpath/ClasspathManager')}
  0x00000193a0413f74: 49b8 0080 | a1f6 9301 | 0000 41ff | 80f8 0a00 | 0048 8b94 | 24c8 0000 | 008b 5210 

  0x00000193a0413f90: ; implicit exception: dispatches to 0x00000193a0414f43
  0x00000193a0413f90: 483b 024c 

  0x00000193a0413f94: ;   {metadata(method data for {method} {0x00000193f6689a60} 'defineClass' '(Ljava/lang/String;[BLorg/eclipse/osgi/internal/loader/classpath/ClasspathEntry;Lorg/eclipse/osgi/storage/bundlefile/BundleEntry;Ljava/util/List;)Ljava/lang/Class;' in 'org/eclipse/osgi/internal/loader/classpath/ClasspathManager')}
  0x00000193a0413f94: 8bc2 48be | 0080 a1f6 | 9301 0000 | 458b 4008 | 49ba 0000 | 00b4 9301 | 0000 4d03 | c24c 3b86 
  0x00000193a0413fb4: 580b 0000 | 750d 4883 | 8660 0b00 | 0001 e960 | 0000 004c | 3b86 680b | 0000 750d | 4883 8670 
  0x00000193a0413fd4: 0b00 0001 | e94a 0000 | 0048 83be | 580b 0000 | 0075 174c | 8986 580b | 0000 48c7 | 8660 0b00 
  0x00000193a0413ff4: 0001 0000 | 00e9 2900 | 0000 4883 | be68 0b00 | 0000 7517 | 4c89 8668 | 0b00 0048 | c786 700b 
  0x00000193a0414014: 0000 0100 | 0000 e908 | 0000 0048 | 8386 480b | 0000 014c | 8b84 2488 | 0000 0066 | 0f1f 4400 
  0x00000193a0414034: 0048 b8e8 | a20b b493 

  0x00000193a041403c: ;   {virtual_call}
  0x00000193a041403c: 0100 00e8 

  0x00000193a0414040: ; ImmutableOopMap {[120]=Oop [136]=Oop [144]=Oop [152]=Oop [160]=Oop [248]=Oop [272]=Oop }
                      ;*invokeinterface remove {reexecute=0 rethrow=0 return_oop=0}
                      ; - org.eclipse.osgi.internal.loader.classpath.ClasspathManager::defineClass@455 (line 781)
  0x00000193a0414040: bc12 f5ff 

  0x00000193a0414044: ;   {other}
  0x00000193a0414044: 0f1f 8400 | 3421 001c 

  0x00000193a041404c: ;   {metadata(method data for {method} {0x00000193f6689a60} 'defineClass' '(Ljava/lang/String;[BLorg/eclipse/osgi/internal/loader/classpath/ClasspathEntry;Lorg/eclipse/osgi/storage/bundlefile/BundleEntry;Ljava/util/List;)Ljava/lang/Class;' in 'org/eclipse/osgi/internal/loader/classpath/ClasspathManager')}
  0x00000193a041404c: 48ba 0080 | a1f6 9301 | 0000 ff82 | 800b 0000 

  0x00000193a041405c: ;   {metadata(method data for {method} {0x00000193f6689a60} 'defineClass' '(Ljava/lang/String;[BLorg/eclipse/osgi/internal/loader/classpath/ClasspathEntry;Lorg/eclipse/osgi/storage/bundlefile/BundleEntry;Ljava/util/List;)Ljava/lang/Class;' in 'org/eclipse/osgi/internal/loader/classpath/ClasspathManager')}
  0x00000193a041405c: 48ba 0080 | a1f6 9301 | 0000 ff82 | 700d 0000 | 488b 8424 | 1001 0000 

  0x00000193a0414074: ;   {metadata(method data for {method} {0x00000193f6689a60} 'defineClass' '(Ljava/lang/String;[BLorg/eclipse/osgi/internal/loader/classpath/ClasspathEntry;Lorg/eclipse/osgi/storage/bundlefile/BundleEntry;Ljava/util/List;)Ljava/lang/Class;' in 'org/eclipse/osgi/internal/loader/classpath/ClasspathManager')}
  0x00000193a0414074: 4885 c048 | ba00 80a1 | f693 0100 | 0048 c7c6 | 800d 0000 | 7407 48c7 | c690 0d00 | 0048 8b3c 
  0x00000193a0414094: 3248 8d7f | 0148 893c | 320f 8432 | 0000 000f | be50 0c85 

  0x00000193a04140a8: ;   {metadata(method data for {method} {0x00000193f6689a60} 'defineClass' '(Ljava/lang/String;[BLorg/eclipse/osgi/internal/loader/classpath/ClasspathEntry;Lorg/eclipse/osgi/storage/bundlefile/BundleEntry;Ljava/util/List;)Ljava/lang/Class;' in 'org/eclipse/osgi/internal/loader/classpath/ClasspathManager')}
  0x00000193a04140a8: d248 ba00 | 80a1 f693 | 0100 0048 | c7c6 b00d | 0000 7507 | 48c7 c6a0 | 0d00 0048 | 8b3c 3248 
  0x00000193a04140c8: 8d7f 0148 | 893c 320f | 850f 0000 

  0x00000193a04140d4: ;   {oop(nullptr)}
  0x00000193a04140d4: 0048 be00 | 0000 0000 | 0000 00e9 | 1600 0000 

  0x00000193a04140e4: ;   {metadata(method data for {method} {0x00000193f6689a60} 'defineClass' '(Ljava/lang/String;[BLorg/eclipse/osgi/internal/loader/classpath/ClasspathEntry;Lorg/eclipse/osgi/storage/bundlefile/BundleEntry;Ljava/util/List;)Ljava/lang/Class;' in 'org/eclipse/osgi/internal/loader/classpath/ClasspathManager')}
  0x00000193a04140e4: 8b50 1048 | be00 80a1 | f693 0100 | 00ff 86c0 | 0d00 0048 | 8bf2 4889 | b424 1801 | 0000 488b 
  0x00000193a0414104: 8c24 9000 

  0x00000193a0414108: ;   {metadata(method data for {method} {0x00000193f6689a60} 'defineClass' '(Ljava/lang/String;[BLorg/eclipse/osgi/internal/loader/classpath/ClasspathEntry;Lorg/eclipse/osgi/storage/bundlefile/BundleEntry;Ljava/util/List;)Ljava/lang/Class;' in 'org/eclipse/osgi/internal/loader/classpath/ClasspathManager')}
  0x00000193a0414108: 0000 48ba | 0080 a1f6 | 9301 0000 | 8b49 0849 | ba00 0000 | b493 0100 | 0049 03ca | 483b 8ae8 
  0x00000193a0414128: 0d00 0075 | 0d48 8382 | f00d 0000 | 01e9 6000 | 0000 483b | 8af8 0d00 | 0075 0d48 | 8382 000e 
  0x00000193a0414148: 0000 01e9 | 4a00 0000 | 4883 bae8 | 0d00 0000 | 7517 4889 | 8ae8 0d00 | 0048 c782 | f00d 0000 
  0x00000193a0414168: 0100 0000 | e929 0000 | 0048 83ba | f80d 0000 | 0075 1748 | 898a f80d | 0000 48c7 | 8200 0e00 
  0x00000193a0414188: 0001 0000 | 00e9 0800 | 0000 4883 | 82d8 0d00 | 0001 488b | 9424 9000 | 0000 6666 | 9048 b890 
  0x00000193a04141a8: bc1c b493 

  0x00000193a04141ac: ;   {virtual_call}
  0x00000193a04141ac: 0100 00e8 

  0x00000193a04141b0: ; ImmutableOopMap {[120]=Oop [136]=Oop [152]=Oop [160]=Oop [248]=Oop [272]=Oop [280]=Oop }
                      ;*invokeinterface iterator {reexecute=0 rethrow=0 return_oop=0}
                      ; - org.eclipse.osgi.internal.loader.classpath.ClasspathManager::defineClass@576 (line 788)
  0x00000193a04141b0: 6c61 7807 

  0x00000193a04141b4: ;   {other}
  0x00000193a04141b4: 0f1f 8400 | a422 001d | 4889 8424 | 2001 0000 

  0x00000193a04141c4: ;   {metadata(method data for {method} {0x00000193f6689a60} 'defineClass' '(Ljava/lang/String;[BLorg/eclipse/osgi/internal/loader/classpath/ClasspathEntry;Lorg/eclipse/osgi/storage/bundlefile/BundleEntry;Ljava/util/List;)Ljava/lang/Class;' in 'org/eclipse/osgi/internal/loader/classpath/ClasspathManager')}
  0x00000193a04141c4: 48ba 0080 | a1f6 9301 | 0000 ff82 | 100e 0000 | e99b 0200 | 000f 1f80 | 0000 0000 | 488b 8424 
  0x00000193a04141e4: 2001 0000 

  0x00000193a04141e8: ;   {metadata(method data for {method} {0x00000193f6689a60} 'defineClass' '(Ljava/lang/String;[BLorg/eclipse/osgi/internal/loader/classpath/ClasspathEntry;Lorg/eclipse/osgi/storage/bundlefile/BundleEntry;Ljava/util/List;)Ljava/lang/Class;' in 'org/eclipse/osgi/internal/loader/classpath/ClasspathManager')}
  0x00000193a04141e8: 48be 0080 | a1f6 9301 | 0000 8b40 | 0849 ba00 | 0000 b493 | 0100 0049 | 03c2 483b | 8638 0e00 
  0x00000193a0414208: 0075 0d48 | 8386 400e | 0000 01e9 | 6000 0000 | 483b 8648 | 0e00 0075 | 0d48 8386 | 500e 0000 
  0x00000193a0414228: 01e9 4a00 | 0000 4883 | be38 0e00 | 0000 7517 | 4889 8638 | 0e00 0048 | c786 400e | 0000 0100 
  0x00000193a0414248: 0000 e929 | 0000 0048 | 83be 480e | 0000 0075 | 1748 8986 | 480e 0000 | 48c7 8650 | 0e00 0001 
  0x00000193a0414268: 0000 00e9 | 0800 0000 | 4883 8628 | 0e00 0001 | 488b 9424 | 2001 0000 | 0f1f 4400 | 0048 b8d8 
  0x00000193a0414288: 8c1d b493 

  0x00000193a041428c: ;   {virtual_call}
  0x00000193a041428c: 0100 00e8 

  0x00000193a0414290: ; ImmutableOopMap {[120]=Oop [136]=Oop [152]=Oop [160]=Oop [248]=Oop [272]=Oop [280]=Oop [288]=Oop }
                      ;*invokeinterface next {reexecute=0 rethrow=0 return_oop=0}
                      ; - org.eclipse.osgi.internal.loader.classpath.ClasspathManager::defineClass@588 (line 788)
  0x00000193a0414290: 2ccb 7707 

  0x00000193a0414294: ;   {other}
  0x00000193a0414294: 0f1f 8400 | 8423 001e | 4885 c075 

  0x00000193a04142a0: ;   {metadata(method data for {method} {0x00000193f6689a60} 'defineClass' '(Ljava/lang/String;[BLorg/eclipse/osgi/internal/loader/classpath/ClasspathEntry;Lorg/eclipse/osgi/storage/bundlefile/BundleEntry;Ljava/util/List;)Ljava/lang/Class;' in 'org/eclipse/osgi/internal/loader/classpath/ClasspathManager')}
  0x00000193a04142a0: 1749 b900 | 80a1 f693 | 0100 0041 | 8089 590e | 0000 01e9 | ce00 0000 

  0x00000193a04142b8: ;   {metadata('org/eclipse/osgi/internal/hookregistry/ClassLoaderHook')}
  0x00000193a04142b8: 48bf 78eb | 08b5 9301 | 0000 448b | 4808 49ba | 0000 00b4 | 9301 0000 | 4d03 ca49 | 3b79 380f 
  0x00000193a04142d8: 858d 0000 

  0x00000193a04142dc: ;   {metadata(method data for {method} {0x00000193f6689a60} 'defineClass' '(Ljava/lang/String;[BLorg/eclipse/osgi/internal/loader/classpath/ClasspathEntry;Lorg/eclipse/osgi/storage/bundlefile/BundleEntry;Ljava/util/List;)Ljava/lang/Class;' in 'org/eclipse/osgi/internal/loader/classpath/ClasspathManager')}
  0x00000193a04142dc: 0049 b900 | 80a1 f693 | 0100 008b | 7808 49ba | 0000 00b4 | 9301 0000 | 4903 fa49 | 3bb9 700e 
  0x00000193a04142fc: 0000 750d | 4983 8178 | 0e00 0001 | e979 0000 | 0049 3bb9 | 800e 0000 | 750d 4983 | 8188 0e00 
  0x00000193a041431c: 0001 e963 | 0000 0049 | 83b9 700e | 0000 0075 | 1749 89b9 | 700e 0000 | 49c7 8178 | 0e00 0001 
  0x00000193a041433c: 0000 00e9 | 4200 0000 | 4983 b980 | 0e00 0000 | 7517 4989 | b980 0e00 | 0049 c781 | 880e 0000 
  0x00000193a041435c: 0100 0000 | e921 0000 | 00e9 1c00 

  0x00000193a0414368: ;   {metadata(method data for {method} {0x00000193f6689a60} 'defineClass' '(Ljava/lang/String;[BLorg/eclipse/osgi/internal/loader/classpath/ClasspathEntry;Lorg/eclipse/osgi/storage/bundlefile/BundleEntry;Ljava/util/List;)Ljava/lang/Class;' in 'org/eclipse/osgi/internal/loader/classpath/ClasspathManager')}
  0x00000193a0414368: 0000 49b9 | 0080 a1f6 | 9301 0000 | 4983 a960 | 0e00 0001 | e9cc 0b00 | 00e9 0000 | 0000 488b 
  0x00000193a0414388: d048 3b02 

  0x00000193a041438c: ;   {metadata(method data for {method} {0x00000193f6689a60} 'defineClass' '(Ljava/lang/String;[BLorg/eclipse/osgi/internal/loader/classpath/ClasspathEntry;Lorg/eclipse/osgi/storage/bundlefile/BundleEntry;Ljava/util/List;)Ljava/lang/Class;' in 'org/eclipse/osgi/internal/loader/classpath/ClasspathManager')}
  0x00000193a041438c: 4c8b c249 | b900 80a1 | f693 0100 | 0045 8b40 | 0849 ba00 | 0000 b493 | 0100 004d | 03c2 4d3b 
  0x00000193a04143ac: 81a8 0e00 | 0075 0d49 | 8381 b00e | 0000 01e9 | 6000 0000 | 4d3b 81b8 | 0e00 0075 | 0d49 8381 
  0x00000193a04143cc: c00e 0000 | 01e9 4a00 | 0000 4983 | b9a8 0e00 | 0000 7517 | 4d89 81a8 | 0e00 0049 | c781 b00e 
  0x00000193a04143ec: 0000 0100 | 0000 e929 | 0000 0049 | 83b9 b80e | 0000 0075 | 174d 8981 | b80e 0000 | 49c7 81c0 
  0x00000193a041440c: 0e00 0001 | 0000 00e9 | 0800 0000 | 4983 8198 | 0e00 0001 | 4c8b 8424 | 8800 0000 | 4c8b 8c24 
  0x00000193a041442c: 1801 0000 | 488b bc24 | f800 0000 | 488b b424 | a000 0000 | 488b 8c24 | 9800 0000 | 488b 5c24 
  0x00000193a041444c: 7848 891c | 240f 1f40 | 0048 b830 | f008 b593 

  0x00000193a041445c: ;   {virtual_call}
  0x00000193a041445c: 0100 00e8 

  0x00000193a0414460: ; ImmutableOopMap {[120]=Oop [136]=Oop [152]=Oop [160]=Oop [248]=Oop [272]=Oop [280]=Oop [288]=Oop }
                      ;*invokevirtual recordClassDefine {reexecute=0 rethrow=0 return_oop=0}
                      ; - org.eclipse.osgi.internal.loader.classpath.ClasspathManager::defineClass@608 (line 789)
  0x00000193a0414460: bc89 1907 

  0x00000193a0414464: ;   {other}
  0x00000193a0414464: 0f1f 8400 | 5425 001f | 488b 8424 | 2001 0000 

  0x00000193a0414474: ; implicit exception: dispatches to 0x00000193a0414f5b
  0x00000193a0414474: 483b 0048 

  0x00000193a0414478: ;   {metadata(method data for {method} {0x00000193f6689a60} 'defineClass' '(Ljava/lang/String;[BLorg/eclipse/osgi/internal/loader/classpath/ClasspathEntry;Lorg/eclipse/osgi/storage/bundlefile/BundleEntry;Ljava/util/List;)Ljava/lang/Class;' in 'org/eclipse/osgi/internal/loader/classpath/ClasspathManager')}
  0x00000193a0414478: 8bf8 48bb | 0080 a1f6 | 9301 0000 | 8b7f 0849 | ba00 0000 | b493 0100 | 0049 03fa | 483b bbe0 
  0x00000193a0414498: 0e00 0075 | 0d48 8383 | e80e 0000 | 01e9 6000 | 0000 483b | bbf0 0e00 | 0075 0d48 | 8383 f80e 
  0x00000193a04144b8: 0000 01e9 | 4a00 0000 | 4883 bbe0 | 0e00 0000 | 7517 4889 | bbe0 0e00 | 0048 c783 | e80e 0000 
  0x00000193a04144d8: 0100 0000 | e929 0000 | 0048 83bb | f00e 0000 | 0075 1748 | 89bb f00e | 0000 48c7 | 83f8 0e00 
  0x00000193a04144f8: 0001 0000 | 00e9 0800 | 0000 4883 | 83d0 0e00 | 0001 488b | d048 b8d8 | 8c1d b493 

  0x00000193a0414514: ;   {virtual_call}
  0x00000193a0414514: 0100 00e8 

  0x00000193a0414518: ; ImmutableOopMap {[120]=Oop [136]=Oop [152]=Oop [160]=Oop [248]=Oop [272]=Oop [280]=Oop [288]=Oop }
                      ;*invokeinterface hasNext {reexecute=0 rethrow=0 return_oop=0}
                      ; - org.eclipse.osgi.internal.loader.classpath.ClasspathManager::defineClass@613 (line 788)
  0x00000193a0414518: 04e7 7107 

  0x00000193a041451c: ;   {other}
  0x00000193a041451c: 0f1f 8400 | 0c26 0020 | 85c0 ba02 | 0000 0075 | 05ba 0000 

  0x00000193a0414530: ;   {metadata(method data for {method} {0x00000193f6689a60} 'defineClass' '(Ljava/lang/String;[BLorg/eclipse/osgi/internal/loader/classpath/ClasspathEntry;Lorg/eclipse/osgi/storage/bundlefile/BundleEntry;Ljava/util/List;)Ljava/lang/Class;' in 'org/eclipse/osgi/internal/loader/classpath/ClasspathManager')}
  0x00000193a0414530: 0000 48be | 0080 a1f6 | 9301 0000 | 8bbe d000 | 0000 03fa | 89be d000 | 0000 85d2 | 7505 bf02 
  0x00000193a0414550: 0000 0081 | e7fe 3f00 | 0085 ff0f | 84ff 0900 | 004d 8b97 

  0x00000193a0414564: ; ImmutableOopMap {[120]=Oop [136]=Oop [152]=Oop [160]=Oop [248]=Oop [272]=Oop [280]=Oop [288]=Oop }
                      ;*ifne {reexecute=1 rethrow=0 return_oop=0}
                      ; - (reexecute) org.eclipse.osgi.internal.loader.classpath.ClasspathManager::defineClass@618 (line 788)
  0x00000193a0414564: 5004 0000 

  0x00000193a0414568: ;   {poll}
  0x00000193a0414568: 4185 0285 

  0x00000193a041456c: ;   {metadata(method data for {method} {0x00000193f6689a60} 'defineClass' '(Ljava/lang/String;[BLorg/eclipse/osgi/internal/loader/classpath/ClasspathEntry;Lorg/eclipse/osgi/storage/bundlefile/BundleEntry;Ljava/util/List;)Ljava/lang/Class;' in 'org/eclipse/osgi/internal/loader/classpath/ClasspathManager')}
  0x00000193a041456c: c048 ba00 | 80a1 f693 | 0100 0048 | c7c6 080f | 0000 7507 | 48c7 c618 | 0f00 0048 | 8b3c 3248 
  0x00000193a041458c: 8d7f 0148 | 893c 320f | 8547 fcff | ff48 8b84 | 2410 0100 | 0048 85c0 

  0x00000193a04145a4: ;   {metadata(method data for {method} {0x00000193f6689a60} 'defineClass' '(Ljava/lang/String;[BLorg/eclipse/osgi/internal/loader/classpath/ClasspathEntry;Lorg/eclipse/osgi/storage/bundlefile/BundleEntry;Ljava/util/List;)Ljava/lang/Class;' in 'org/eclipse/osgi/internal/loader/classpath/ClasspathManager')}
  0x00000193a04145a4: 49b8 0080 | a1f6 9301 | 0000 48c7 | c228 0f00 | 0075 0748 | c7c2 380f | 0000 498b | 3410 488d 
  0x00000193a04145c4: 7601 4989 | 3410 0f85 | 3000 0000 

  0x00000193a04145d0: ;   {metadata(method data for {method} {0x00000193f6689a60} 'defineClass' '(Ljava/lang/String;[BLorg/eclipse/osgi/internal/loader/classpath/ClasspathEntry;Lorg/eclipse/osgi/storage/bundlefile/BundleEntry;Ljava/util/List;)Ljava/lang/Class;' in 'org/eclipse/osgi/internal/loader/classpath/ClasspathManager')}
  0x00000193a04145d0: 48b8 0080 | a1f6 9301 | 0000 ff80 | 480f 0000 

  0x00000193a04145e0: ;   {oop(nullptr)}
  0x00000193a04145e0: 48b8 0000 | 0000 0000 | 0000 4881 | c470 0100 

  0x00000193a04145f0: ;   {poll_return}
  0x00000193a04145f0: 005d 493b | a748 0400 | 000f 8782 | 0900 00c3 

  0x00000193a0414600: ; implicit exception: dispatches to 0x00000193a0414f97
  0x00000193a0414600: 8b40 1048 | 81c4 7001 

  0x00000193a0414608: ;   {poll_return}
  0x00000193a0414608: 0000 5d49 | 3ba7 4804 | 0000 0f87 | 8409 0000 

  0x00000193a0414618: ;   {oop(nullptr)}
  0x00000193a0414618: c348 b800 | 0000 0000 | 0000 0048 | 81c4 7001 

  0x00000193a0414628: ;   {poll_return}
  0x00000193a0414628: 0000 5d49 | 3ba7 4804 | 0000 0f87 | 7a09 0000 

  0x00000193a0414638: ;   {metadata(method data for {method} {0x00000193f6689a60} 'defineClass' '(Ljava/lang/String;[BLorg/eclipse/osgi/internal/loader/classpath/ClasspathEntry;Lorg/eclipse/osgi/storage/bundlefile/BundleEntry;Ljava/util/List;)Ljava/lang/Class;' in 'org/eclipse/osgi/internal/loader/classpath/ClasspathManager')}
  0x00000193a0414638: c348 b800 | 80a1 f693 | 0100 00ff | 80e0 0200 

  0x00000193a0414648: ;   {oop(nullptr)}
  0x00000193a0414648: 0048 b800 | 0000 0000 | 0000 0048 | 81c4 7001 

  0x00000193a0414658: ;   {poll_return}
  0x00000193a0414658: 0000 5d49 | 3ba7 4804 | 0000 0f87 | 6009 0000 | c349 8b87 | f804 0000 | 4d33 d24d | 8997 f804 
  0x00000193a0414678: 0000 4d33 | d24d 8997 | 0005 0000 | 8b52 1048 | 3b02 4c8b 

  0x00000193a041468c: ;   {metadata(method data for {method} {0x00000193f6689a60} 'defineClass' '(Ljava/lang/String;[BLorg/eclipse/osgi/internal/loader/classpath/ClasspathEntry;Lorg/eclipse/osgi/storage/bundlefile/BundleEntry;Ljava/util/List;)Ljava/lang/Class;' in 'org/eclipse/osgi/internal/loader/classpath/ClasspathManager')}
  0x00000193a041468c: c248 be00 | 80a1 f693 | 0100 0045 | 8b40 0849 | ba00 0000 | b493 0100 | 004d 03c2 | 4c3b 8620 
  0x00000193a04146ac: 0b00 0075 | 0d48 8386 | 280b 0000 | 01e9 6000 | 0000 4c3b | 8630 0b00 | 0075 0d48 | 8386 380b 
  0x00000193a04146cc: 0000 01e9 | 4a00 0000 | 4883 be20 | 0b00 0000 | 7517 4c89 | 8620 0b00 | 0048 c786 | 280b 0000 
  0x00000193a04146ec: 0100 0000 | e929 0000 | 0048 83be | 300b 0000 | 0075 174c | 8986 300b | 0000 48c7 | 8638 0b00 
  0x00000193a041470c: 0001 0000 | 00e9 0800 | 0000 4883 | 8610 0b00 | 0001 4c8b | 8424 8800 | 0000 4889 | 8424 2801 
  0x00000193a041472c: 0000 0f1f | 8000 0000 | 0048 b8ff | ffff ffff 

  0x00000193a041473c: ;   {virtual_call}
  0x00000193a041473c: ffff ffe8 

  0x00000193a0414740: ; ImmutableOopMap {[120]=Oop [136]=Oop [144]=Oop [152]=Oop [160]=Oop [248]=Oop [296]=Oop }
                      ;*invokeinterface remove {reexecute=0 rethrow=0 return_oop=0}
                      ; - org.eclipse.osgi.internal.loader.classpath.ClasspathManager::defineClass@440 (line 781)
  0x00000193a0414740: 3ca3 1907 

  0x00000193a0414744: ;   {other}
  0x00000193a0414744: 0f1f 8400 | 3428 0022 | 488b 8424 

  0x00000193a0414750: ; ImmutableOopMap {rax=Oop [120]=Oop [136]=Oop [144]=Oop [152]=Oop [160]=Oop [248]=Oop }
                      ;*athrow {reexecute=1 rethrow=0 return_oop=0}
                      ; - (reexecute) org.eclipse.osgi.internal.loader.classpath.ClasspathManager::defineClass@448 (line 782)
  0x00000193a0414750: 2801 0000 

  0x00000193a0414754: ;   {section_word}
  0x00000193a0414754: 48ba 5447 | 41a0 9301 

  0x00000193a041475c: ;   {runtime_call handle_exception_nofpu Runtime1 stub}
  0x00000193a041475c: 0000 e89d | b124 0790 | 498b 87f8 | 0400 004d | 33d2 4d89 | 97f8 0400 | 004d 33d2 | 4d89 9700 
  0x00000193a041477c: 0500 008b | 520c 483b | 024c 8bc2 

  0x00000193a0414788: ;   {metadata(method data for {method} {0x00000193f6689a60} 'defineClass' '(Ljava/lang/String;[BLorg/eclipse/osgi/internal/loader/classpath/ClasspathEntry;Lorg/eclipse/osgi/storage/bundlefile/BundleEntry;Ljava/util/List;)Ljava/lang/Class;' in 'org/eclipse/osgi/internal/loader/classpath/ClasspathManager')}
  0x00000193a0414788: 48bf 0080 | a1f6 9301 | 0000 458b | 4008 49ba | 0000 00b4 | 9301 0000 | 4d03 c24c | 3b87 8806 
  0x00000193a04147a8: 0000 750d | 4883 8790 | 0600 0001 | e960 0000 | 004c 3b87 | 9806 0000 | 750d 4883 | 87a0 0600 
  0x00000193a04147c8: 0001 e94a | 0000 0048 | 83bf 8806 | 0000 0075 | 174c 8987 | 8806 0000 | 48c7 8790 | 0600 0001 
  0x00000193a04147e8: 0000 00e9 | 2900 0000 | 4883 bf98 | 0600 0000 | 7517 4c89 | 8798 0600 | 0048 c787 | a006 0000 
  0x00000193a0414808: 0100 0000 | e908 0000 | 0048 8387 | 7806 0000 | 014c 8b84 | 2488 0000 | 0048 8984 | 2430 0100 
  0x00000193a0414828: 000f 1f40 | 0048 b8ff | ffff ffff 

  0x00000193a0414834: ;   {virtual_call}
  0x00000193a0414834: ffff ffe8 

  0x00000193a0414838: ; ImmutableOopMap {[120]=Oop [136]=Oop [144]=Oop [152]=Oop [160]=Oop [304]=Oop [312]=Oop }
                      ;*invokeinterface remove {reexecute=0 rethrow=0 return_oop=0}
                      ; - org.eclipse.osgi.internal.loader.classpath.ClasspathManager::defineClass@235 (line 759)
  0x00000193a0414838: 44a2 1907 

  0x00000193a041483c: ;   {other}
  0x00000193a041483c: 0f1f 8400 | 2c29 0024 | 488b 8424 

  0x00000193a0414848: ; ImmutableOopMap {rax=Oop [120]=Oop [136]=Oop [144]=Oop [152]=Oop [160]=Oop [312]=Oop }
                      ;*athrow {reexecute=1 rethrow=0 return_oop=0}
                      ; - (reexecute) org.eclipse.osgi.internal.loader.classpath.ClasspathManager::defineClass@243 (line 760)
  0x00000193a0414848: 3001 0000 

  0x00000193a041484c: ;   {section_word}
  0x00000193a041484c: 48ba 4c48 | 41a0 9301 

  0x00000193a0414854: ;   {runtime_call handle_exception_nofpu Runtime1 stub}
  0x00000193a0414854: 0000 e8a5 | b024 0790 | 498b 87f8 | 0400 004d | 33d2 4d89 | 97f8 0400 | 004d 33d2 | 4d89 9700 
  0x00000193a0414874: ;   {metadata(method data for {method} {0x00000193f6689a60} 'defineClass' '(Ljava/lang/String;[BLorg/eclipse/osgi/internal/loader/classpath/ClasspathEntry;Lorg/eclipse/osgi/storage/bundlefile/BundleEntry;Ljava/util/List;)Ljava/lang/Class;' in 'org/eclipse/osgi/internal/loader/classpath/ClasspathManager')}
  0x00000193a0414874: 0500 0048 | bf00 80a1 | f693 0100 | 00ff 87a8 | 0b00 0048 

  0x00000193a0414888: ;   {metadata(method data for {method} {0x00000193f6689a60} 'defineClass' '(Ljava/lang/String;[BLorg/eclipse/osgi/internal/loader/classpath/ClasspathEntry;Lorg/eclipse/osgi/storage/bundlefile/BundleEntry;Ljava/util/List;)Ljava/lang/Class;' in 'org/eclipse/osgi/internal/loader/classpath/ClasspathManager')}
  0x00000193a0414888: 85d2 48bf | 0080 a1f6 | 9301 0000 | 48c7 c3b8 | 0b00 0074 | 0748 c7c3 | c80b 0000 | 488b 0c1f 
  0x00000193a04148a8: 488d 4901 | 4889 0c1f | 0f84 3200 | 0000 0fbe | 7a0c 85ff 

  0x00000193a04148bc: ;   {metadata(method data for {method} {0x00000193f6689a60} 'defineClass' '(Ljava/lang/String;[BLorg/eclipse/osgi/internal/loader/classpath/ClasspathEntry;Lorg/eclipse/osgi/storage/bundlefile/BundleEntry;Ljava/util/List;)Ljava/lang/Class;' in 'org/eclipse/osgi/internal/loader/classpath/ClasspathManager')}
  0x00000193a04148bc: 48bf 0080 | a1f6 9301 | 0000 48c7 | c3e8 0b00 | 0075 0748 | c7c3 d80b | 0000 488b | 0c1f 488d 
  0x00000193a04148dc: 4901 4889 | 0c1f 0f85 | 0f00 0000 

  0x00000193a04148e8: ;   {oop(nullptr)}
  0x00000193a04148e8: 48bf 0000 | 0000 0000 | 0000 e916 | 0000 008b 

  0x00000193a04148f8: ;   {metadata(method data for {method} {0x00000193f6689a60} 'defineClass' '(Ljava/lang/String;[BLorg/eclipse/osgi/internal/loader/classpath/ClasspathEntry;Lorg/eclipse/osgi/storage/bundlefile/BundleEntry;Ljava/util/List;)Ljava/lang/Class;' in 'org/eclipse/osgi/internal/loader/classpath/ClasspathManager')}
  0x00000193a04148f8: 5210 48bf | 0080 a1f6 | 9301 0000 | ff87 f80b | 0000 488b | fa48 89bc | 2440 0100 | 0048 8984 
  0x00000193a0414918: 2450 0100 | 0048 8b8c | 2490 0000 | 0048 3b01 

  0x00000193a0414928: ;   {metadata(method data for {method} {0x00000193f6689a60} 'defineClass' '(Ljava/lang/String;[BLorg/eclipse/osgi/internal/loader/classpath/ClasspathEntry;Lorg/eclipse/osgi/storage/bundlefile/BundleEntry;Ljava/util/List;)Ljava/lang/Class;' in 'org/eclipse/osgi/internal/loader/classpath/ClasspathManager')}
  0x00000193a0414928: 488b d148 | bb00 80a1 | f693 0100 | 008b 5208 | 49ba 0000 | 00b4 9301 | 0000 4903 | d248 3b93 
  0x00000193a0414948: 200c 0000 | 750d 4883 | 8328 0c00 | 0001 e960 | 0000 0048 | 3b93 300c | 0000 750d | 4883 8338 
  0x00000193a0414968: 0c00 0001 | e94a 0000 | 0048 83bb | 200c 0000 | 0075 1748 | 8993 200c | 0000 48c7 | 8328 0c00 
  0x00000193a0414988: 0001 0000 | 00e9 2900 | 0000 4883 | bb30 0c00 | 0000 7517 | 4889 9330 | 0c00 0048 | c783 380c 
  0x00000193a04149a8: 0000 0100 | 0000 e908 | 0000 0048 | 8383 100c | 0000 0148 | 8bd1 0f1f | 8000 0000 | 0048 b8ff 
  0x00000193a04149c8: ffff ffff 

  0x00000193a04149cc: ;   {virtual_call}
  0x00000193a04149cc: ffff ffe8 

  0x00000193a04149d0: ; ImmutableOopMap {[120]=Oop [136]=Oop [152]=Oop [160]=Oop [320]=Oop [328]=Oop [336]=Oop }
                      ;*invokeinterface iterator {reexecute=0 rethrow=0 return_oop=0}
                      ; - org.eclipse.osgi.internal.loader.classpath.ClasspathManager::defineClass@497 (line 788)
  0x00000193a04149d0: aca0 1907 

  0x00000193a04149d4: ;   {other}
  0x00000193a04149d4: 0f1f 8400 | c42a 0026 | 4889 8424 | 5801 0000 

  0x00000193a04149e4: ;   {metadata(method data for {method} {0x00000193f6689a60} 'defineClass' '(Ljava/lang/String;[BLorg/eclipse/osgi/internal/loader/classpath/ClasspathEntry;Lorg/eclipse/osgi/storage/bundlefile/BundleEntry;Ljava/util/List;)Ljava/lang/Class;' in 'org/eclipse/osgi/internal/loader/classpath/ClasspathManager')}
  0x00000193a04149e4: 48ba 0080 | a1f6 9301 | 0000 ff82 | 480c 0000 | e99b 0200 | 000f 1f80 | 0000 0000 | 488b 8424 
  0x00000193a0414a04: 5801 0000 

  0x00000193a0414a08: ;   {metadata(method data for {method} {0x00000193f6689a60} 'defineClass' '(Ljava/lang/String;[BLorg/eclipse/osgi/internal/loader/classpath/ClasspathEntry;Lorg/eclipse/osgi/storage/bundlefile/BundleEntry;Ljava/util/List;)Ljava/lang/Class;' in 'org/eclipse/osgi/internal/loader/classpath/ClasspathManager')}
  0x00000193a0414a08: 48be 0080 | a1f6 9301 | 0000 8b40 | 0849 ba00 | 0000 b493 | 0100 0049 | 03c2 483b | 8670 0c00 
  0x00000193a0414a28: 0075 0d48 | 8386 780c | 0000 01e9 | 6000 0000 | 483b 8680 | 0c00 0075 | 0d48 8386 | 880c 0000 
  0x00000193a0414a48: 01e9 4a00 | 0000 4883 | be70 0c00 | 0000 7517 | 4889 8670 | 0c00 0048 | c786 780c | 0000 0100 
  0x00000193a0414a68: 0000 e929 | 0000 0048 | 83be 800c | 0000 0075 | 1748 8986 | 800c 0000 | 48c7 8688 | 0c00 0001 
  0x00000193a0414a88: 0000 00e9 | 0800 0000 | 4883 8660 | 0c00 0001 | 488b 9424 | 5801 0000 | 0f1f 4400 | 0048 b8ff 
  0x00000193a0414aa8: ffff ffff 

  0x00000193a0414aac: ;   {virtual_call}
  0x00000193a0414aac: ffff ffe8 

  0x00000193a0414ab0: ; ImmutableOopMap {[120]=Oop [136]=Oop [152]=Oop [160]=Oop [320]=Oop [328]=Oop [336]=Oop [344]=Oop }
                      ;*invokeinterface next {reexecute=0 rethrow=0 return_oop=0}
                      ; - org.eclipse.osgi.internal.loader.classpath.ClasspathManager::defineClass@509 (line 788)
  0x00000193a0414ab0: cc9f 1907 

  0x00000193a0414ab4: ;   {other}
  0x00000193a0414ab4: 0f1f 8400 | a42b 0027 | 4885 c075 

  0x00000193a0414ac0: ;   {metadata(method data for {method} {0x00000193f6689a60} 'defineClass' '(Ljava/lang/String;[BLorg/eclipse/osgi/internal/loader/classpath/ClasspathEntry;Lorg/eclipse/osgi/storage/bundlefile/BundleEntry;Ljava/util/List;)Ljava/lang/Class;' in 'org/eclipse/osgi/internal/loader/classpath/ClasspathManager')}
  0x00000193a0414ac0: 1749 b900 | 80a1 f693 | 0100 0041 | 8089 910c | 0000 01e9 | ce00 0000 

  0x00000193a0414ad8: ;   {metadata('org/eclipse/osgi/internal/hookregistry/ClassLoaderHook')}
  0x00000193a0414ad8: 48bf 78eb | 08b5 9301 | 0000 448b | 4808 49ba | 0000 00b4 | 9301 0000 | 4d03 ca49 | 3b79 380f 
  0x00000193a0414af8: 858d 0000 

  0x00000193a0414afc: ;   {metadata(method data for {method} {0x00000193f6689a60} 'defineClass' '(Ljava/lang/String;[BLorg/eclipse/osgi/internal/loader/classpath/ClasspathEntry;Lorg/eclipse/osgi/storage/bundlefile/BundleEntry;Ljava/util/List;)Ljava/lang/Class;' in 'org/eclipse/osgi/internal/loader/classpath/ClasspathManager')}
  0x00000193a0414afc: 0049 b900 | 80a1 f693 | 0100 008b | 7808 49ba | 0000 00b4 | 9301 0000 | 4903 fa49 | 3bb9 a80c 
  0x00000193a0414b1c: 0000 750d | 4983 81b0 | 0c00 0001 | e979 0000 | 0049 3bb9 | b80c 0000 | 750d 4983 | 81c0 0c00 
  0x00000193a0414b3c: 0001 e963 | 0000 0049 | 83b9 a80c | 0000 0075 | 1749 89b9 | a80c 0000 | 49c7 81b0 | 0c00 0001 
  0x00000193a0414b5c: 0000 00e9 | 4200 0000 | 4983 b9b8 | 0c00 0000 | 7517 4989 | b9b8 0c00 | 0049 c781 | c00c 0000 
  0x00000193a0414b7c: 0100 0000 | e921 0000 | 00e9 1c00 

  0x00000193a0414b88: ;   {metadata(method data for {method} {0x00000193f6689a60} 'defineClass' '(Ljava/lang/String;[BLorg/eclipse/osgi/internal/loader/classpath/ClasspathEntry;Lorg/eclipse/osgi/storage/bundlefile/BundleEntry;Ljava/util/List;)Ljava/lang/Class;' in 'org/eclipse/osgi/internal/loader/classpath/ClasspathManager')}
  0x00000193a0414b88: 0000 49b9 | 0080 a1f6 | 9301 0000 | 4983 a998 | 0c00 0001 | e951 0400 | 00e9 0000 | 0000 488b 
  0x00000193a0414ba8: d048 3b02 

  0x00000193a0414bac: ;   {metadata(method data for {method} {0x00000193f6689a60} 'defineClass' '(Ljava/lang/String;[BLorg/eclipse/osgi/internal/loader/classpath/ClasspathEntry;Lorg/eclipse/osgi/storage/bundlefile/BundleEntry;Ljava/util/List;)Ljava/lang/Class;' in 'org/eclipse/osgi/internal/loader/classpath/ClasspathManager')}
  0x00000193a0414bac: 4c8b c249 | b900 80a1 | f693 0100 | 0045 8b40 | 0849 ba00 | 0000 b493 | 0100 004d | 03c2 4d3b 
  0x00000193a0414bcc: 81e0 0c00 | 0075 0d49 | 8381 e80c | 0000 01e9 | 6000 0000 | 4d3b 81f0 | 0c00 0075 | 0d49 8381 
  0x00000193a0414bec: f80c 0000 | 01e9 4a00 | 0000 4983 | b9e0 0c00 | 0000 7517 | 4d89 81e0 | 0c00 0049 | c781 e80c 
  0x00000193a0414c0c: 0000 0100 | 0000 e929 | 0000 0049 | 83b9 f00c | 0000 0075 | 174d 8981 | f00c 0000 | 49c7 81f8 
  0x00000193a0414c2c: 0c00 0001 | 0000 00e9 | 0800 0000 | 4983 81d0 | 0c00 0001 | 4c8b 8424 | 8800 0000 | 4c8b 8c24 
  0x00000193a0414c4c: 4001 0000 | 488b bc24 | 4801 0000 | 488b b424 | a000 0000 | 488b 8c24 | 9800 0000 | 488b 5c24 
  0x00000193a0414c6c: 7848 891c | 240f 1f40 | 0048 b8ff | ffff ffff 

  0x00000193a0414c7c: ;   {virtual_call}
  0x00000193a0414c7c: ffff ffe8 

  0x00000193a0414c80: ; ImmutableOopMap {[120]=Oop [136]=Oop [152]=Oop [160]=Oop [320]=Oop [328]=Oop [336]=Oop [344]=Oop }
                      ;*invokevirtual recordClassDefine {reexecute=0 rethrow=0 return_oop=0}
                      ; - org.eclipse.osgi.internal.loader.classpath.ClasspathManager::defineClass@529 (line 789)
  0x00000193a0414c80: fc9d 1907 

  0x00000193a0414c84: ;   {other}
  0x00000193a0414c84: 0f1f 8400 | 742d 0028 | 488b 8424 | 5801 0000 

  0x00000193a0414c94: ; implicit exception: dispatches to 0x00000193a0415000
  0x00000193a0414c94: 483b 004c 

  0x00000193a0414c98: ;   {metadata(method data for {method} {0x00000193f6689a60} 'defineClass' '(Ljava/lang/String;[BLorg/eclipse/osgi/internal/loader/classpath/ClasspathEntry;Lorg/eclipse/osgi/storage/bundlefile/BundleEntry;Ljava/util/List;)Ljava/lang/Class;' in 'org/eclipse/osgi/internal/loader/classpath/ClasspathManager')}
  0x00000193a0414c98: 8bc8 49bb | 0080 a1f6 | 9301 0000 | 458b 4908 | 49ba 0000 | 00b4 9301 | 0000 4d03 | ca4d 3b8b 
  0x00000193a0414cb8: 180d 0000 | 750d 4983 | 8320 0d00 | 0001 e960 | 0000 004d | 3b8b 280d | 0000 750d | 4983 8330 
  0x00000193a0414cd8: 0d00 0001 | e94a 0000 | 0049 83bb | 180d 0000 | 0075 174d | 898b 180d | 0000 49c7 | 8320 0d00 
  0x00000193a0414cf8: 0001 0000 | 00e9 2900 | 0000 4983 | bb28 0d00 | 0000 7517 | 4d89 8b28 | 0d00 0049 | c783 300d 
  0x00000193a0414d18: 0000 0100 | 0000 e908 | 0000 0049 | 8383 080d | 0000 0148 | 8bd0 0f1f | 8000 0000 | 0048 b8ff 
  0x00000193a0414d38: ffff ffff 

  0x00000193a0414d3c: ;   {virtual_call}
  0x00000193a0414d3c: ffff ffe8 

  0x00000193a0414d40: ; ImmutableOopMap {[120]=Oop [136]=Oop [152]=Oop [160]=Oop [320]=Oop [328]=Oop [336]=Oop [344]=Oop }
                      ;*invokeinterface hasNext {reexecute=0 rethrow=0 return_oop=0}
                      ; - org.eclipse.osgi.internal.loader.classpath.ClasspathManager::defineClass@534 (line 788)
  0x00000193a0414d40: 3c9d 1907 

  0x00000193a0414d44: ;   {other}
  0x00000193a0414d44: 0f1f 8400 | 342e 0029 | 85c0 ba02 | 0000 0075 | 05ba 0000 

  0x00000193a0414d58: ;   {metadata(method data for {method} {0x00000193f6689a60} 'defineClass' '(Ljava/lang/String;[BLorg/eclipse/osgi/internal/loader/classpath/ClasspathEntry;Lorg/eclipse/osgi/storage/bundlefile/BundleEntry;Ljava/util/List;)Ljava/lang/Class;' in 'org/eclipse/osgi/internal/loader/classpath/ClasspathManager')}
  0x00000193a0414d58: 0000 48be | 0080 a1f6 | 9301 0000 | 8bbe d000 | 0000 03fa | 89be d000 | 0000 85d2 | 7505 bf02 
  0x00000193a0414d78: 0000 0081 | e7fe 3f00 | 0085 ff0f | 847c 0200 | 004d 8b97 

  0x00000193a0414d8c: ; ImmutableOopMap {[120]=Oop [136]=Oop [152]=Oop [160]=Oop [320]=Oop [328]=Oop [336]=Oop [344]=Oop }
                      ;*ifne {reexecute=1 rethrow=0 return_oop=0}
                      ; - (reexecute) org.eclipse.osgi.internal.loader.classpath.ClasspathManager::defineClass@539 (line 788)
  0x00000193a0414d8c: 5004 0000 

  0x00000193a0414d90: ;   {poll}
  0x00000193a0414d90: 4185 0285 

  0x00000193a0414d94: ;   {metadata(method data for {method} {0x00000193f6689a60} 'defineClass' '(Ljava/lang/String;[BLorg/eclipse/osgi/internal/loader/classpath/ClasspathEntry;Lorg/eclipse/osgi/storage/bundlefile/BundleEntry;Ljava/util/List;)Ljava/lang/Class;' in 'org/eclipse/osgi/internal/loader/classpath/ClasspathManager')}
  0x00000193a0414d94: c048 ba00 | 80a1 f693 | 0100 0048 | c7c6 400d | 0000 7507 | 48c7 c650 | 0d00 0048 | 8b3c 3248 
  0x00000193a0414db4: 8d7f 0148 | 893c 320f | 853f fcff | ff48 8b84 | 2450 0100 | 00e9 a608 

  0x00000193a0414dcc: ;   {metadata({method} {0x00000193f6689a60} 'defineClass' '(Ljava/lang/String;[BLorg/eclipse/osgi/internal/loader/classpath/ClasspathEntry;Lorg/eclipse/osgi/storage/bundlefile/BundleEntry;Ljava/util/List;)Ljava/lang/Class;' in 'org/eclipse/osgi/internal/loader/classpath/ClasspathManager')}
  0x00000193a0414dcc: 0000 49ba | 589a 68f6 | 9301 0000 | 4c89 5424 | 0848 c704 | 24ff ffff 

  0x00000193a0414de4: ;   {runtime_call counter_overflow Runtime1 stub}
  0x00000193a0414de4: ffe8 16f6 

  0x00000193a0414de8: ; ImmutableOopMap {rdx=Oop r8=Oop r9=Oop rdi=Oop rsi=Oop rcx=Oop [120]=Oop [128]=Oop [136]=Oop [144]=Oop [152]=Oop [160]=Oop }
                      ;*synchronization entry
                      ; - org.eclipse.osgi.internal.loader.classpath.ClasspathManager::defineClass@-1 (line 730)
  0x00000193a0414de8: 2407 e963 

  0x00000193a0414dec: ;   {runtime_call throw_null_pointer_exception Runtime1 stub}
  0x00000193a0414dec: d7ff ffe8 

  0x00000193a0414df0: ; ImmutableOopMap {rdx=Oop rsi=Oop [120]=Oop [128]=Oop [136]=Oop [144]=Oop [152]=Oop [160]=Oop }
                      ;*invokevirtual get {reexecute=0 rethrow=0 return_oop=0}
                      ; - org.eclipse.osgi.internal.loader.classpath.ClasspathManager::defineClass@16 (line 734)
  0x00000193a0414df0: 0c8a 2407 | 4889 0424 

  0x00000193a0414df8: ;   {runtime_call throw_class_cast_exception Runtime1 stub}
  0x00000193a0414df8: e803 ba24 

  0x00000193a0414dfc: ; ImmutableOopMap {[120]=Oop [128]=Oop [136]=Oop [144]=Oop [152]=Oop [160]=Oop }
                      ;*checkcast {reexecute=0 rethrow=0 return_oop=0}
                      ; - org.eclipse.osgi.internal.loader.classpath.ClasspathManager::defineClass@19 (line 734)
  0x00000193a0414dfc: 0748 8bd2 

  0x00000193a0414e00: ;   {runtime_call fast_new_instance Runtime1 stub}
  0x00000193a0414e00: e8fb 9224 

  0x00000193a0414e04: ; ImmutableOopMap {[120]=Oop [128]=Oop [136]=Oop [144]=Oop [152]=Oop [160]=Oop }
                      ;*new {reexecute=0 rethrow=0 return_oop=0}
                      ; - org.eclipse.osgi.internal.loader.classpath.ClasspathManager::defineClass@29 (line 736)
  0x00000193a0414e04: 07e9 9bd9 

  0x00000193a0414e08: ;   {metadata({method} {0x00000193f6736800} '<init>' '()V' in 'org/eclipse/osgi/internal/loader/classpath/ClasspathManager$DefineContext')}
  0x00000193a0414e08: ffff 49ba | f867 73f6 | 9301 0000 | 4c89 5424 | 0848 c704 | 24ff ffff 

  0x00000193a0414e20: ;   {runtime_call counter_overflow Runtime1 stub}
  0x00000193a0414e20: ffe8 daf5 

  0x00000193a0414e24: ; ImmutableOopMap {rax=Oop [120]=Oop [128]=Oop [136]=Oop [144]=Oop [152]=Oop [160]=Oop [176]=Oop }
                      ;*synchronization entry
                      ; - org.eclipse.osgi.internal.loader.classpath.ClasspathManager$DefineContext::<init>@-1 (line 704)
                      ; - org.eclipse.osgi.internal.loader.classpath.ClasspathManager::defineClass@33 (line 736)
  0x00000193a0414e24: 2407 e9be 

  0x00000193a0414e28: ;   {metadata({method} {0x00000193b4476568} '<init>' '()V' in 'java/lang/Object')}
  0x00000193a0414e28: d9ff ff49 | ba60 6547 | b493 0100 | 004c 8954 | 2408 48c7 | 0424 ffff 

  0x00000193a0414e40: ;   {runtime_call counter_overflow Runtime1 stub}
  0x00000193a0414e40: ffff e8b9 

  0x00000193a0414e44: ; ImmutableOopMap {rax=Oop [120]=Oop [128]=Oop [136]=Oop [144]=Oop [152]=Oop [160]=Oop [176]=Oop }
                      ;*synchronization entry
                      ; - java.lang.Object::<init>@-1
                      ; - org.eclipse.osgi.internal.loader.classpath.ClasspathManager$DefineContext::<init>@1 (line 704)
                      ; - org.eclipse.osgi.internal.loader.classpath.ClasspathManager::defineClass@33 (line 736)
  0x00000193a0414e44: f524 07e9 | d9d9 ffff 

  0x00000193a0414e4c: ;   {runtime_call fast_new_instance Runtime1 stub}
  0x00000193a0414e4c: 488b d2e8 

  0x00000193a0414e50: ; ImmutableOopMap {[120]=Oop [128]=Oop [136]=Oop [144]=Oop [152]=Oop [160]=Oop [176]=Oop }
                      ;*new {reexecute=0 rethrow=0 return_oop=0}
                      ; - org.eclipse.osgi.internal.loader.classpath.ClasspathManager$DefineContext::<init>@5 (line 705)
                      ; - org.eclipse.osgi.internal.loader.classpath.ClasspathManager::defineClass@33 (line 736)
  0x00000193a0414e50: ac92 2407 | e91c daff | ff48 8bd2 

  0x00000193a0414e5c: ;   {runtime_call fast_new_instance Runtime1 stub}
  0x00000193a0414e5c: e89f 9224 

  0x00000193a0414e60: ; ImmutableOopMap {[120]=Oop [128]=Oop [136]=Oop [144]=Oop [152]=Oop [160]=Oop [176]=Oop }
                      ;*new {reexecute=0 rethrow=0 return_oop=0}
                      ; - org.eclipse.osgi.internal.loader.classpath.ClasspathManager$DefineContext::<init>@17 (line 706)
                      ; - org.eclipse.osgi.internal.loader.classpath.ClasspathManager::defineClass@33 (line 736)
  0x00000193a0414e60: 07e9 c2da 

  0x00000193a0414e64: ;   {runtime_call throw_null_pointer_exception Runtime1 stub}
  0x00000193a0414e64: ffff e895 

  0x00000193a0414e68: ; ImmutableOopMap {rax=Oop rdx=Oop rsi=Oop [120]=Oop [128]=Oop [136]=Oop [144]=Oop [152]=Oop [160]=Oop [176]=Oop }
                      ;*invokevirtual set {reexecute=0 rethrow=0 return_oop=0}
                      ; - org.eclipse.osgi.internal.loader.classpath.ClasspathManager::defineClass@44 (line 737)
                      ;   {runtime_call throw_null_pointer_exception Runtime1 stub}
  0x00000193a0414e68: 8924 07e8 

  0x00000193a0414e6c: ; ImmutableOopMap {rdx=Oop rsi=Oop r8=Oop [120]=Oop [128]=Oop [136]=Oop [144]=Oop [152]=Oop [160]=Oop }
                      ;*invokevirtual getContainer {reexecute=0 rethrow=0 return_oop=0}
                      ; - org.eclipse.osgi.internal.loader.classpath.ClasspathManager::defineClass@51 (line 741)
  0x00000193a0414e6c: 9089 2407 

  0x00000193a0414e70: ;   {runtime_call throw_null_pointer_exception Runtime1 stub}
  0x00000193a0414e70: e88b 8924 

  0x00000193a0414e74: ; ImmutableOopMap {rdx=Oop rsi=Oop r8=Oop [120]=Oop [128]=Oop [136]=Oop [144]=Oop [152]=Oop [160]=Oop }
                      ;*invokevirtual isProcessClassRecursionSupportedByAll {reexecute=0 rethrow=0 return_oop=0}
                      ; - org.eclipse.osgi.internal.loader.classpath.ClasspathManager::defineClass@54 (line 741)
                      ;   {runtime_call throw_null_pointer_exception Runtime1 stub}
  0x00000193a0414e74: 07e8 8689 

  0x00000193a0414e78: ; ImmutableOopMap {rdx=Oop [120]=Oop [128]=Oop [136]=Oop [144]=Oop [152]=Oop [160]=Oop }
                      ;*getfield currentlyProcessing {reexecute=1 rethrow=0 return_oop=0}
                      ; - (reexecute) org.eclipse.osgi.internal.loader.classpath.ClasspathManager::defineClass@62 (line 744)
                      ;   {runtime_call throw_null_pointer_exception Runtime1 stub}
  0x00000193a0414e78: 2407 e881 

  0x00000193a0414e7c: ; ImmutableOopMap {rdx=Oop rdi=Oop [120]=Oop [128]=Oop [136]=Oop [144]=Oop [152]=Oop [160]=Oop }
                      ;*invokeinterface contains {reexecute=0 rethrow=0 return_oop=0}
                      ; - org.eclipse.osgi.internal.loader.classpath.ClasspathManager::defineClass@66 (line 744)
                      ;   {runtime_call throw_null_pointer_exception Runtime1 stub}
  0x00000193a0414e7c: 8924 07e8 

  0x00000193a0414e80: ; ImmutableOopMap {rdx=Oop rsi=Oop [120]=Oop [128]=Oop [136]=Oop [144]=Oop [152]=Oop [160]=Oop }
                      ;*invokeinterface add {reexecute=0 rethrow=0 return_oop=0}
                      ; - org.eclipse.osgi.internal.loader.classpath.ClasspathManager::defineClass@161 (line 750)
  0x00000193a0414e80: 7c89 2407 

  0x00000193a0414e84: ;   {runtime_call throw_null_pointer_exception Runtime1 stub}
  0x00000193a0414e84: e877 8924 

  0x00000193a0414e88: ; ImmutableOopMap {rcx=Oop [120]=Oop [128]=Oop [136]=Oop [144]=Oop [152]=Oop [160]=Oop [200]=Oop }
                      ;*invokeinterface iterator {reexecute=0 rethrow=0 return_oop=0}
                      ; - org.eclipse.osgi.internal.loader.classpath.ClasspathManager::defineClass@169 (line 753)
  0x00000193a0414e88: 0748 8904 

  0x00000193a0414e8c: ;   {runtime_call throw_class_cast_exception Runtime1 stub}
  0x00000193a0414e8c: 24e8 6eb9 

  0x00000193a0414e90: ; ImmutableOopMap {[120]=Oop [136]=Oop [144]=Oop [152]=Oop [160]=Oop [200]=Oop [208]=Oop [216]=Oop }
                      ;*checkcast {reexecute=0 rethrow=0 return_oop=0}
                      ; - org.eclipse.osgi.internal.loader.classpath.ClasspathManager::defineClass@186 (line 753)
                      ;   {runtime_call throw_null_pointer_exception Runtime1 stub}
  0x00000193a0414e90: 2407 e869 

  0x00000193a0414e94: ; ImmutableOopMap {rsi=Oop [120]=Oop [136]=Oop [144]=Oop [152]=Oop [160]=Oop [200]=Oop [208]=Oop [216]=Oop }
                      ;*invokevirtual isProcessClassRecursionSupported {reexecute=0 rethrow=0 return_oop=0}
                      ; - org.eclipse.osgi.internal.loader.classpath.ClasspathManager::defineClass@193 (line 754)
                      ;   {runtime_call throw_null_pointer_exception Runtime1 stub}
  0x00000193a0414e94: 8924 07e8 

  0x00000193a0414e98: ; ImmutableOopMap {rax=Oop [120]=Oop [136]=Oop [144]=Oop [152]=Oop [160]=Oop [200]=Oop [208]=Oop [216]=Oop }
                      ;*invokeinterface hasNext {reexecute=0 rethrow=0 return_oop=0}
                      ; - org.eclipse.osgi.internal.loader.classpath.ClasspathManager::defineClass@216 (line 753)
  0x00000193a0414e98: 6489 2407 

  0x00000193a0414e9c: ;   {metadata({method} {0x00000193f6689a60} 'defineClass' '(Ljava/lang/String;[BLorg/eclipse/osgi/internal/loader/classpath/ClasspathEntry;Lorg/eclipse/osgi/storage/bundlefile/BundleEntry;Ljava/util/List;)Ljava/lang/Class;' in 'org/eclipse/osgi/internal/loader/classpath/ClasspathManager')}
  0x00000193a0414e9c: 49ba 589a | 68f6 9301 | 0000 4c89 | 5424 0848 | c704 24dd 

  0x00000193a0414eb0: ;   {runtime_call counter_overflow Runtime1 stub}
  0x00000193a0414eb0: 0000 00e8 

  0x00000193a0414eb4: ; ImmutableOopMap {[120]=Oop [136]=Oop [144]=Oop [152]=Oop [160]=Oop [200]=Oop [208]=Oop [216]=Oop }
                      ;*ifne {reexecute=1 rethrow=0 return_oop=0}
                      ; - (reexecute) org.eclipse.osgi.internal.loader.classpath.ClasspathManager::defineClass@221 (line 753)
  0x00000193a0414eb4: 48f5 2407 | e9ec e2ff 

  0x00000193a0414ebc: ;   {runtime_call throw_null_pointer_exception Runtime1 stub}
  0x00000193a0414ebc: ffe8 3e89 

  0x00000193a0414ec0: ; ImmutableOopMap {rdx=Oop rsi=Oop [120]=Oop [136]=Oop [144]=Oop [152]=Oop [160]=Oop [216]=Oop }
                      ;*invokeinterface remove {reexecute=0 rethrow=0 return_oop=0}
                      ; - org.eclipse.osgi.internal.loader.classpath.ClasspathManager::defineClass@250 (line 759)
                      ;   {runtime_call throw_null_pointer_exception Runtime1 stub}
  0x00000193a0414ec0: 2407 e839 

  0x00000193a0414ec4: ; ImmutableOopMap {rcx=Oop [120]=Oop [136]=Oop [144]=Oop [152]=Oop [160]=Oop [200]=Oop [232]=Oop }
                      ;*invokeinterface iterator {reexecute=0 rethrow=0 return_oop=0}
                      ; - org.eclipse.osgi.internal.loader.classpath.ClasspathManager::defineClass@258 (line 764)
  0x00000193a0414ec4: 8924 0748 

  0x00000193a0414ec8: ;   {runtime_call throw_class_cast_exception Runtime1 stub}
  0x00000193a0414ec8: 8904 24e8 

  0x00000193a0414ecc: ; ImmutableOopMap {[120]=Oop [136]=Oop [144]=Oop [152]=Oop [160]=Oop [200]=Oop [240]=Oop [248]=Oop }
                      ;*checkcast {reexecute=0 rethrow=0 return_oop=0}
                      ; - org.eclipse.osgi.internal.loader.classpath.ClasspathManager::defineClass@275 (line 764)
  0x00000193a0414ecc: 30b9 2407 

  0x00000193a0414ed0: ;   {runtime_call throw_null_pointer_exception Runtime1 stub}
  0x00000193a0414ed0: e82b 8924 

  0x00000193a0414ed4: ; ImmutableOopMap {rsi=Oop [120]=Oop [136]=Oop [144]=Oop [152]=Oop [160]=Oop [200]=Oop [240]=Oop [248]=Oop }
                      ;*invokevirtual isProcessClassRecursionSupported {reexecute=0 rethrow=0 return_oop=0}
                      ; - org.eclipse.osgi.internal.loader.classpath.ClasspathManager::defineClass@282 (line 765)
                      ;   {runtime_call throw_null_pointer_exception Runtime1 stub}
  0x00000193a0414ed4: 07e8 2689 

  0x00000193a0414ed8: ; ImmutableOopMap {rax=Oop [120]=Oop [136]=Oop [144]=Oop [152]=Oop [160]=Oop [200]=Oop [240]=Oop [248]=Oop }
                      ;*invokeinterface hasNext {reexecute=0 rethrow=0 return_oop=0}
                      ; - org.eclipse.osgi.internal.loader.classpath.ClasspathManager::defineClass@305 (line 764)
                      ;   {metadata({method} {0x00000193f6689a60} 'defineClass' '(Ljava/lang/String;[BLorg/eclipse/osgi/internal/loader/classpath/ClasspathEntry;Lorg/eclipse/osgi/storage/bundlefile/BundleEntry;Ljava/util/List;)Ljava/lang/Class;' in 'org/eclipse/osgi/internal/loader/classpath/ClasspathManager')}
  0x00000193a0414ed8: 2407 49ba | 589a 68f6 | 9301 0000 | 4c89 5424 | 0848 c704 | 2436 0100 

  0x00000193a0414ef0: ;   {runtime_call counter_overflow Runtime1 stub}
  0x00000193a0414ef0: 00e8 0af5 

  0x00000193a0414ef4: ; ImmutableOopMap {[120]=Oop [136]=Oop [144]=Oop [152]=Oop [160]=Oop [200]=Oop [240]=Oop [248]=Oop }
                      ;*ifne {reexecute=1 rethrow=0 return_oop=0}
                      ; - (reexecute) org.eclipse.osgi.internal.loader.classpath.ClasspathManager::defineClass@310 (line 764)
  0x00000193a0414ef4: 2407 e9e6 

  0x00000193a0414ef8: ;   {runtime_call throw_null_pointer_exception Runtime1 stub}
  0x00000193a0414ef8: e8ff ffe8 

  0x00000193a0414efc: ; ImmutableOopMap {rdx=Oop [120]=Oop [136]=Oop [144]=Oop [152]=Oop [160]=Oop [248]=Oop }
                      ;*getfield currentlyDefining {reexecute=1 rethrow=0 return_oop=0}
                      ; - (reexecute) org.eclipse.osgi.internal.loader.classpath.ClasspathManager::defineClass@315 (line 773)
  0x00000193a0414efc: 0089 2407 

  0x00000193a0414f00: ;   {runtime_call throw_null_pointer_exception Runtime1 stub}
  0x00000193a0414f00: e8fb 8824 

  0x00000193a0414f04: ; ImmutableOopMap {rdx=Oop rsi=Oop [120]=Oop [136]=Oop [144]=Oop [152]=Oop [160]=Oop [248]=Oop }
                      ;*invokeinterface contains {reexecute=0 rethrow=0 return_oop=0}
                      ; - org.eclipse.osgi.internal.loader.classpath.ClasspathManager::defineClass@319 (line 773)
  0x00000193a0414f04: 0748 8904 

  0x00000193a0414f08: ;   {runtime_call throw_class_cast_exception Runtime1 stub}
  0x00000193a0414f08: 24e8 f2b8 

  0x00000193a0414f0c: ; ImmutableOopMap {[120]=Oop [136]=Oop [152]=Oop [160]=Oop [248]=Oop [264]=Oop }
                      ;*checkcast {reexecute=0 rethrow=0 return_oop=0}
                      ; - org.eclipse.osgi.internal.loader.classpath.ClasspathManager::defineClass@375 (line 788)
                      ;   {runtime_call throw_null_pointer_exception Runtime1 stub}
  0x00000193a0414f0c: 2407 e8ed 

  0x00000193a0414f10: ; ImmutableOopMap {rdx=Oop [120]=Oop [136]=Oop [152]=Oop [160]=Oop [248]=Oop [264]=Oop }
                      ;*invokevirtual recordClassDefine {reexecute=0 rethrow=0 return_oop=0}
                      ; - org.eclipse.osgi.internal.loader.classpath.ClasspathManager::defineClass@390 (line 789)
                      ;   {runtime_call throw_null_pointer_exception Runtime1 stub}
  0x00000193a0414f10: 8824 07e8 

  0x00000193a0414f14: ; ImmutableOopMap {rax=Oop [120]=Oop [136]=Oop [152]=Oop [160]=Oop [248]=Oop [264]=Oop }
                      ;*invokeinterface hasNext {reexecute=0 rethrow=0 return_oop=0}
                      ; - org.eclipse.osgi.internal.loader.classpath.ClasspathManager::defineClass@395 (line 788)
  0x00000193a0414f14: e888 2407 

  0x00000193a0414f18: ;   {metadata({method} {0x00000193f6689a60} 'defineClass' '(Ljava/lang/String;[BLorg/eclipse/osgi/internal/loader/classpath/ClasspathEntry;Lorg/eclipse/osgi/storage/bundlefile/BundleEntry;Ljava/util/List;)Ljava/lang/Class;' in 'org/eclipse/osgi/internal/loader/classpath/ClasspathManager')}
  0x00000193a0414f18: 49ba 589a | 68f6 9301 | 0000 4c89 | 5424 0848 | c704 2490 

  0x00000193a0414f2c: ;   {runtime_call counter_overflow Runtime1 stub}
  0x00000193a0414f2c: 0100 00e8 

  0x00000193a0414f30: ; ImmutableOopMap {[120]=Oop [136]=Oop [152]=Oop [160]=Oop [248]=Oop [264]=Oop }
                      ;*ifne {reexecute=1 rethrow=0 return_oop=0}
                      ; - (reexecute) org.eclipse.osgi.internal.loader.classpath.ClasspathManager::defineClass@400 (line 788)
  0x00000193a0414f30: ccf4 2407 | e960 eeff 

  0x00000193a0414f38: ;   {runtime_call throw_null_pointer_exception Runtime1 stub}
  0x00000193a0414f38: ffe8 c288 

  0x00000193a0414f3c: ; ImmutableOopMap {rdx=Oop rsi=Oop [120]=Oop [136]=Oop [144]=Oop [152]=Oop [160]=Oop [248]=Oop }
                      ;*invokeinterface add {reexecute=0 rethrow=0 return_oop=0}
                      ; - org.eclipse.osgi.internal.loader.classpath.ClasspathManager::defineClass@411 (line 777)
                      ;   {runtime_call throw_null_pointer_exception Runtime1 stub}
  0x00000193a0414f3c: 2407 e8bd 

  0x00000193a0414f40: ; ImmutableOopMap {rdx=Oop rsi=Oop [120]=Oop [136]=Oop [144]=Oop [152]=Oop [160]=Oop [200]=Oop [248]=Oop }
                      ;*invokevirtual defineClass {reexecute=0 rethrow=0 return_oop=0}
                      ; - org.eclipse.osgi.internal.loader.classpath.ClasspathManager::defineClass@424 (line 779)
                      ;   {runtime_call throw_null_pointer_exception Runtime1 stub}
  0x00000193a0414f40: 8824 07e8 

  0x00000193a0414f44: ; ImmutableOopMap {rdx=Oop [120]=Oop [136]=Oop [144]=Oop [152]=Oop [160]=Oop [248]=Oop [272]=Oop }
                      ;*invokeinterface remove {reexecute=0 rethrow=0 return_oop=0}
                      ; - org.eclipse.osgi.internal.loader.classpath.ClasspathManager::defineClass@455 (line 781)
  0x00000193a0414f44: b888 2407 

  0x00000193a0414f48: ;   {runtime_call throw_null_pointer_exception Runtime1 stub}
  0x00000193a0414f48: e8b3 8824 

  0x00000193a0414f4c: ; ImmutableOopMap {rax=Oop [120]=Oop [136]=Oop [144]=Oop [152]=Oop [160]=Oop [248]=Oop [272]=Oop }
                      ;*getfield defined {reexecute=1 rethrow=0 return_oop=0}
                      ; - (reexecute) org.eclipse.osgi.internal.loader.classpath.ClasspathManager::defineClass@557 (line 787)
  0x00000193a0414f4c: 0748 8904 

  0x00000193a0414f50: ;   {runtime_call throw_class_cast_exception Runtime1 stub}
  0x00000193a0414f50: 24e8 aab8 

  0x00000193a0414f54: ; ImmutableOopMap {[120]=Oop [136]=Oop [152]=Oop [160]=Oop [248]=Oop [272]=Oop [280]=Oop [288]=Oop }
                      ;*checkcast {reexecute=0 rethrow=0 return_oop=0}
                      ; - org.eclipse.osgi.internal.loader.classpath.ClasspathManager::defineClass@593 (line 788)
                      ;   {runtime_call throw_null_pointer_exception Runtime1 stub}
  0x00000193a0414f54: 2407 e8a5 

  0x00000193a0414f58: ; ImmutableOopMap {rdx=Oop [120]=Oop [136]=Oop [152]=Oop [160]=Oop [248]=Oop [272]=Oop [280]=Oop [288]=Oop }
                      ;*invokevirtual recordClassDefine {reexecute=0 rethrow=0 return_oop=0}
                      ; - org.eclipse.osgi.internal.loader.classpath.ClasspathManager::defineClass@608 (line 789)
                      ;   {runtime_call throw_null_pointer_exception Runtime1 stub}
  0x00000193a0414f58: 8824 07e8 

  0x00000193a0414f5c: ; ImmutableOopMap {rax=Oop [120]=Oop [136]=Oop [152]=Oop [160]=Oop [248]=Oop [272]=Oop [280]=Oop [288]=Oop }
                      ;*invokeinterface hasNext {reexecute=0 rethrow=0 return_oop=0}
                      ; - org.eclipse.osgi.internal.loader.classpath.ClasspathManager::defineClass@613 (line 788)
  0x00000193a0414f5c: a088 2407 

  0x00000193a0414f60: ;   {metadata({method} {0x00000193f6689a60} 'defineClass' '(Ljava/lang/String;[BLorg/eclipse/osgi/internal/loader/classpath/ClasspathEntry;Lorg/eclipse/osgi/storage/bundlefile/BundleEntry;Ljava/util/List;)Ljava/lang/Class;' in 'org/eclipse/osgi/internal/loader/classpath/ClasspathManager')}
  0x00000193a0414f60: 49ba 589a | 68f6 9301 | 0000 4c89 | 5424 0848 | c704 246a 

  0x00000193a0414f74: ;   {runtime_call counter_overflow Runtime1 stub}
  0x00000193a0414f74: 0200 00e8 

  0x00000193a0414f78: ; ImmutableOopMap {[120]=Oop [136]=Oop [152]=Oop [160]=Oop [248]=Oop [272]=Oop [280]=Oop [288]=Oop }
                      ;*ifne {reexecute=1 rethrow=0 return_oop=0}
                      ; - (reexecute) org.eclipse.osgi.internal.loader.classpath.ClasspathManager::defineClass@618 (line 788)
  0x00000193a0414f78: 84f4 2407 | e9e0 f5ff 

  0x00000193a0414f80: ;   {internal_word}
  0x00000193a0414f80: ff49 baf2 | 4541 a093 | 0100 004d | 8997 6004 

  0x00000193a0414f90: ;   {runtime_call SafepointBlob}
  0x00000193a0414f90: 0000 e969 

  0x00000193a0414f94: ;   {runtime_call throw_null_pointer_exception Runtime1 stub}
  0x00000193a0414f94: fb19 07e8 

  0x00000193a0414f98: ; ImmutableOopMap {}
                      ;*getfield clazz {reexecute=1 rethrow=0 return_oop=0}
                      ; - (reexecute) org.eclipse.osgi.internal.loader.classpath.ClasspathManager::defineClass@632 (line 794)
  0x00000193a0414f98: 6488 2407 

  0x00000193a0414f9c: ;   {internal_word}
  0x00000193a0414f9c: 49ba 0b46 | 41a0 9301 | 0000 4d89 | 9760 0400 

  0x00000193a0414fac: ;   {runtime_call SafepointBlob}
  0x00000193a0414fac: 00e9 4efb 

  0x00000193a0414fb0: ;   {internal_word}
  0x00000193a0414fb0: 1907 49ba | 2b46 41a0 | 9301 0000 | 4d89 9760 

  0x00000193a0414fc0: ;   {runtime_call SafepointBlob}
  0x00000193a0414fc0: 0400 00e9 | 38fb 1907 

  0x00000193a0414fc8: ;   {internal_word}
  0x00000193a0414fc8: 49ba 5b46 | 41a0 9301 | 0000 4d89 | 9760 0400 

  0x00000193a0414fd8: ;   {runtime_call SafepointBlob}
  0x00000193a0414fd8: 00e9 22fb 

  0x00000193a0414fdc: ;   {runtime_call throw_null_pointer_exception Runtime1 stub}
  0x00000193a0414fdc: 1907 e81d 

  0x00000193a0414fe0: ; ImmutableOopMap {rax=Oop rdx=Oop [120]=Oop [136]=Oop [144]=Oop [152]=Oop [160]=Oop [248]=Oop }
                      ;*invokeinterface remove {reexecute=0 rethrow=0 return_oop=0}
                      ; - org.eclipse.osgi.internal.loader.classpath.ClasspathManager::defineClass@440 (line 781)
                      ;   {runtime_call throw_null_pointer_exception Runtime1 stub}
  0x00000193a0414fe0: 8824 07e8 

  0x00000193a0414fe4: ; ImmutableOopMap {rax=Oop rdx=Oop [120]=Oop [136]=Oop [144]=Oop [152]=Oop [160]=Oop [312]=Oop }
                      ;*invokeinterface remove {reexecute=0 rethrow=0 return_oop=0}
                      ; - org.eclipse.osgi.internal.loader.classpath.ClasspathManager::defineClass@235 (line 759)
  0x00000193a0414fe4: 1888 2407 

  0x00000193a0414fe8: ;   {runtime_call throw_null_pointer_exception Runtime1 stub}
  0x00000193a0414fe8: e813 8824 

  0x00000193a0414fec: ; ImmutableOopMap {rax=Oop rdx=Oop [120]=Oop [136]=Oop [144]=Oop [152]=Oop [160]=Oop [328]=Oop }
                      ;*getfield defined {reexecute=1 rethrow=0 return_oop=0}
                      ; - (reexecute) org.eclipse.osgi.internal.loader.classpath.ClasspathManager::defineClass@478 (line 787)
                      ;   {runtime_call throw_null_pointer_exception Runtime1 stub}
  0x00000193a0414fec: 07e8 0e88 

  0x00000193a0414ff0: ; ImmutableOopMap {rcx=Oop [120]=Oop [136]=Oop [144]=Oop [152]=Oop [160]=Oop [320]=Oop [328]=Oop [336]=Oop }
                      ;*invokeinterface iterator {reexecute=0 rethrow=0 return_oop=0}
                      ; - org.eclipse.osgi.internal.loader.classpath.ClasspathManager::defineClass@497 (line 788)
  0x00000193a0414ff0: 2407 4889 

  0x00000193a0414ff4: ;   {runtime_call throw_class_cast_exception Runtime1 stub}
  0x00000193a0414ff4: 0424 e805 

  0x00000193a0414ff8: ; ImmutableOopMap {[120]=Oop [136]=Oop [152]=Oop [160]=Oop [320]=Oop [328]=Oop [336]=Oop [344]=Oop }
                      ;*checkcast {reexecute=0 rethrow=0 return_oop=0}
                      ; - org.eclipse.osgi.internal.loader.classpath.ClasspathManager::defineClass@514 (line 788)
                      ;   {runtime_call throw_null_pointer_exception Runtime1 stub}
  0x00000193a0414ff8: b824 07e8 

  0x00000193a0414ffc: ; ImmutableOopMap {rdx=Oop [120]=Oop [136]=Oop [152]=Oop [160]=Oop [320]=Oop [328]=Oop [336]=Oop [344]=Oop }
                      ;*invokevirtual recordClassDefine {reexecute=0 rethrow=0 return_oop=0}
                      ; - org.eclipse.osgi.internal.loader.classpath.ClasspathManager::defineClass@529 (line 789)
  0x00000193a0414ffc: 0088 2407 

  0x00000193a0415000: ;   {runtime_call throw_null_pointer_exception Runtime1 stub}
  0x00000193a0415000: e8fb 8724 

  0x00000193a0415004: ; ImmutableOopMap {rax=Oop [120]=Oop [136]=Oop [152]=Oop [160]=Oop [320]=Oop [328]=Oop [336]=Oop [344]=Oop }
                      ;*invokeinterface hasNext {reexecute=0 rethrow=0 return_oop=0}
                      ; - org.eclipse.osgi.internal.loader.classpath.ClasspathManager::defineClass@534 (line 788)
                      ;   {metadata({method} {0x00000193f6689a60} 'defineClass' '(Ljava/lang/String;[BLorg/eclipse/osgi/internal/loader/classpath/ClasspathEntry;Lorg/eclipse/osgi/storage/bundlefile/BundleEntry;Ljava/util/List;)Ljava/lang/Class;' in 'org/eclipse/osgi/internal/loader/classpath/ClasspathManager')}
  0x00000193a0415004: 0749 ba58 | 9a68 f693 | 0100 004c | 8954 2408 | 48c7 0424 | 1b02 0000 

  0x00000193a041501c: ;   {runtime_call counter_overflow Runtime1 stub}
  0x00000193a041501c: e8df f324 

  0x00000193a0415020: ; ImmutableOopMap {[120]=Oop [136]=Oop [152]=Oop [160]=Oop [320]=Oop [328]=Oop [336]=Oop [344]=Oop }
                      ;*ifne {reexecute=1 rethrow=0 return_oop=0}
                      ; - (reexecute) org.eclipse.osgi.internal.loader.classpath.ClasspathManager::defineClass@539 (line 788)
  0x00000193a0415020: 07e9 63fd 

  0x00000193a0415024: ;   {oop(nullptr)}
  0x00000193a0415024: ffff 48ba | 0000 0000 | 0000 0000 | 48ff b424 | 8000 0000 | 488f 8424 | 4801 0000 | e917 f8ff 
  0x00000193a0415044: ;   {oop(nullptr)}
  0x00000193a0415044: ff48 ba00 | 0000 0000 | 0000 0048 | ffb4 2480 | 0000 0048 | 8f84 2448 | 0100 00e9 | f8f7 ffff 
  0x00000193a0415064: ;   {oop(nullptr)}
  0x00000193a0415064: 48ba 0000 | 0000 0000 | 0000 48ff | b424 8000 | 0000 488f | 8424 4801 | 0000 e9d9 

  0x00000193a0415080: ;   {oop(nullptr)}
  0x00000193a0415080: f7ff ff48 | ba00 0000 | 0000 0000 | 0048 ffb4 | 2480 0000 | 0048 8f84 | 2448 0100 | 00e9 baf7 
  0x00000193a04150a0: ;   {oop(nullptr)}
  0x00000193a04150a0: ffff 48ba | 0000 0000 | 0000 0000 | 48ff b424 | 8000 0000 | 488f 8424 | 4801 0000 | e99b f7ff 
  0x00000193a04150c0: ;   {oop(nullptr)}
  0x00000193a04150c0: ff48 ba00 | 0000 0000 | 0000 0048 | ffb4 2480 | 0000 0048 | 8f84 2448 | 0100 00e9 | 7cf7 ffff 
  0x00000193a04150e0: ;   {oop(nullptr)}
  0x00000193a04150e0: 48ba 0000 | 0000 0000 | 0000 48ff | b424 8000 | 0000 488f | 8424 4801 | 0000 e95d | f7ff ff48 
  0x00000193a0415100: ffb4 2480 | 0000 0048 | 8f84 2438 | 0100 0048 | 8b94 24c8 | 0000 00e9 | 48f6 ffff | 48ff b424 
  0x00000193a0415120: d800 0000 | 488f 8424 | 3801 0000 | 488b 9424 | c800 0000 | e92b f6ff | ff48 ffb4 | 24d8 0000 
  0x00000193a0415140: 0048 8f84 | 2438 0100 | 0048 8b94 | 24c8 0000 | 00e9 0ef6 | ffff 48ff | b424 d800 | 0000 488f 
  0x00000193a0415160: 8424 3801 | 0000 488b | 9424 c800 | 0000 e9f1 | f5ff ff48 | ffb4 24d8 | 0000 0048 | 8f84 2438 
  0x00000193a0415180: 0100 0048 | 8b94 24c8 | 0000 00e9 | d4f5 ffff 

  0x00000193a0415190: ;   {oop(nullptr)}
  0x00000193a0415190: 48ba 0000 | 0000 0000 | 0000 48ff | b424 d800 | 0000 488f | 8424 4801 | 0000 e9ad 

  0x00000193a04151ac: ;   {oop(nullptr)}
  0x00000193a04151ac: f6ff ff48 | ba00 0000 | 0000 0000 | 0048 ffb4 | 24e8 0000 | 0048 8f84 | 2448 0100 | 00e9 8ef6 
  0x00000193a04151cc: ;   {oop(nullptr)}
  0x00000193a04151cc: ffff 48ba | 0000 0000 | 0000 0000 | 48ff b424 | f800 0000 | 488f 8424 | 4801 0000 | e96f f6ff 
  0x00000193a04151ec: ;   {oop(nullptr)}
  0x00000193a04151ec: ff48 ba00 | 0000 0000 | 0000 0048 | ffb4 24f8 | 0000 0048 | 8f84 2448 | 0100 00e9 | 50f6 ffff 
  0x00000193a041520c: ;   {oop(nullptr)}
  0x00000193a041520c: 48ba 0000 | 0000 0000 | 0000 48ff | b424 f800 | 0000 488f | 8424 4801 | 0000 e931 

  0x00000193a0415228: ;   {oop(nullptr)}
  0x00000193a0415228: f6ff ff48 | ba00 0000 | 0000 0000 | 0048 ffb4 | 24f8 0000 | 0048 8f84 | 2448 0100 | 00e9 12f6 
  0x00000193a0415248: ;   {oop(nullptr)}
  0x00000193a0415248: ffff 48ba | 0000 0000 | 0000 0000 | 48ff b424 | f800 0000 | 488f 8424 | 4801 0000 | e9f3 f5ff 
  0x00000193a0415268: ;   {oop(nullptr)}
  0x00000193a0415268: ff48 ba00 | 0000 0000 | 0000 0048 | ffb4 24f8 | 0000 0048 | 8f84 2448 | 0100 00e9 | d4f5 ffff 
  0x00000193a0415288: 488b 9424 | c800 0000 | e9d4 f3ff | ff48 8b94 | 2410 0100 | 0048 ffb4 | 24f8 0000 | 0048 8f84 
  0x00000193a04152a8: 2448 0100 | 00e9 aaf5 

  0x00000193a04152b0: ;   {oop(nullptr)}
  0x00000193a04152b0: ffff 48ba | 0000 0000 | 0000 0000 | 48ff b424 | f800 0000 | 488f 8424 | 4801 0000 | e98b f5ff 
  0x00000193a04152d0: ;   {oop(nullptr)}
  0x00000193a04152d0: ff48 ba00 | 0000 0000 | 0000 0048 | ffb4 24f8 | 0000 0048 | 8f84 2448 | 0100 00e9 | 6cf5 ffff 
  0x00000193a04152f0: ;   {oop(nullptr)}
  0x00000193a04152f0: 48ba 0000 | 0000 0000 | 0000 48ff | b424 3801 | 0000 488f | 8424 4801 | 0000 e94d 

  0x00000193a041530c: ;   {oop(nullptr)}
  0x00000193a041530c: f5ff ff48 | ba00 0000 | 0000 0000 | 0048 ffb4 | 2438 0100 | 0048 8f84 | 2448 0100 | 00e9 2ef5 
  0x00000193a041532c: ;   {oop(nullptr)}
  0x00000193a041532c: ffff 48ba | 0000 0000 | 0000 0000 | 48ff b424 | 8000 0000 | 488f 8424 | 4801 0000 | e90f f5ff 
  0x00000193a041534c: ;   {oop(nullptr)}
  0x00000193a041534c: ff48 ba00 | 0000 0000 | 0000 0048 | ffb4 2480 | 0000 0048 | 8f84 2448 | 0100 00e9 | f0f4 ffff 
  0x00000193a041536c: ;   {oop(nullptr)}
  0x00000193a041536c: 48ba 0000 | 0000 0000 | 0000 48ff | b424 8000 | 0000 488f | 8424 4801 | 0000 e9d1 

  0x00000193a0415388: ;   {oop(nullptr)}
  0x00000193a0415388: f4ff ff48 | ba00 0000 | 0000 0000 | 0048 ffb4 | 2480 0000 | 0048 8f84 | 2448 0100 | 00e9 b2f4 
  0x00000193a04153a8: ;   {oop(nullptr)}
  0x00000193a04153a8: ffff 48ba | 0000 0000 | 0000 0000 | 48ff b424 | 8000 0000 | 488f 8424 | 4801 0000 | e993 f4ff 
  0x00000193a04153c8: ;   {oop(nullptr)}
  0x00000193a04153c8: ff48 ba00 | 0000 0000 | 0000 0048 | ffb4 2480 | 0000 0048 | 8f84 2448 | 0100 00e9 | 74f4 ffff 
  0x00000193a04153e8: ;   {oop(nullptr)}
  0x00000193a04153e8: 48ba 0000 | 0000 0000 | 0000 48ff | b424 8000 | 0000 488f | 8424 4801 | 0000 e955 

  0x00000193a0415404: ;   {oop(nullptr)}
  0x00000193a0415404: f4ff ff48 | ba00 0000 | 0000 0000 | 0048 ffb4 | 2480 0000 | 0048 8f84 | 2448 0100 | 00e9 36f4 
  0x00000193a0415424: ;   {oop(nullptr)}
  0x00000193a0415424: ffff 48ba | 0000 0000 | 0000 0000 | 48ff b424 | 8000 0000 | 488f 8424 | 4801 0000 | e917 f4ff 
  0x00000193a0415444: ;   {oop(nullptr)}
  0x00000193a0415444: ff48 ba00 | 0000 0000 | 0000 0048 | ffb4 2480 | 0000 0048 | 8f84 2448 | 0100 00e9 | f8f3 ffff 
  0x00000193a0415464: ;   {oop(nullptr)}
  0x00000193a0415464: 48ba 0000 | 0000 0000 | 0000 48ff | b424 8000 | 0000 488f | 8424 4801 | 0000 e9d9 | f3ff ff48 
  0x00000193a0415484: ffb4 2480 | 0000 0048 | 8f84 2438 | 0100 0048 | 8b94 24c8 | 0000 00e9 | c4f2 ffff | 48ff b424 
  0x00000193a04154a4: d800 0000 | 488f 8424 | 3801 0000 | 488b 9424 | c800 0000 | e9a7 f2ff | ff48 ffb4 | 24d8 0000 
  0x00000193a04154c4: 0048 8f84 | 2438 0100 | 0048 8b94 | 24c8 0000 | 00e9 8af2 | ffff 48ff | b424 d800 | 0000 488f 
  0x00000193a04154e4: 8424 3801 | 0000 488b | 9424 c800 | 0000 e96d 

  0x00000193a04154f4: ;   {oop(nullptr)}
  0x00000193a04154f4: f2ff ff48 | ba00 0000 | 0000 0000 | 0048 ffb4 | 24d8 0000 | 0048 8f84 | 2448 0100 | 00e9 46f3 
  0x00000193a0415514: ;   {oop(nullptr)}
  0x00000193a0415514: ffff 48ba | 0000 0000 | 0000 0000 | 48ff b424 | e800 0000 | 488f 8424 | 4801 0000 | e927 f3ff 
  0x00000193a0415534: ;   {oop(nullptr)}
  0x00000193a0415534: ff48 ba00 | 0000 0000 | 0000 0048 | ffb4 24f8 | 0000 0048 | 8f84 2448 | 0100 00e9 | 08f3 ffff 
  0x00000193a0415554: ;   {oop(nullptr)}
  0x00000193a0415554: 48ba 0000 | 0000 0000 | 0000 48ff | b424 f800 | 0000 488f | 8424 4801 | 0000 e9e9 

  0x00000193a0415570: ;   {oop(nullptr)}
  0x00000193a0415570: f2ff ff48 | ba00 0000 | 0000 0000 | 0048 ffb4 | 24f8 0000 | 0048 8f84 | 2448 0100 | 00e9 caf2 
  0x00000193a0415590: ;   {oop(nullptr)}
  0x00000193a0415590: ffff 48ba | 0000 0000 | 0000 0000 | 48ff b424 | f800 0000 | 488f 8424 | 4801 0000 | e9ab f2ff 
  0x00000193a04155b0: ;   {oop(nullptr)}
  0x00000193a04155b0: ff48 ba00 | 0000 0000 | 0000 0048 | ffb4 24f8 | 0000 0048 | 8f84 2448 | 0100 00e9 | 8cf2 ffff 
  0x00000193a04155d0: ;   {oop(nullptr)}
  0x00000193a04155d0: 48ba 0000 | 0000 0000 | 0000 48ff | b424 f800 | 0000 488f | 8424 4801 | 0000 e96d | f2ff ff48 
  0x00000193a04155f0: 8b94 24c8 | 0000 00e9 | 6df0 ffff | 488b 9424 | 1001 0000 | 48ff b424 | f800 0000 | 488f 8424 
  0x00000193a0415610: 4801 0000 | e943 f2ff 

  0x00000193a0415618: ;   {oop(nullptr)}
  0x00000193a0415618: ff48 ba00 | 0000 0000 | 0000 0048 | ffb4 24f8 | 0000 0048 | 8f84 2448 | 0100 00e9 | 24f2 ffff 
  0x00000193a0415638: ;   {oop(nullptr)}
  0x00000193a0415638: 48ba 0000 | 0000 0000 | 0000 48ff | b424 3801 | 0000 488f | 8424 4801 | 0000 e905 | f2ff ff49 
  0x00000193a0415658: 8b87 f804 | 0000 49c7 | 87f8 0400 | 0000 0000 | 0049 c787 | 0005 0000 | 0000 0000 | 4881 c470 
  0x00000193a0415678: 0100 005d 

  0x00000193a041567c: ;   {runtime_call unwind_exception Runtime1 stub}
  0x00000193a041567c: e97f 7224 | 07f4 f4f4 | f4f4 f4f4 
[Stub Code]
  0x00000193a0415688: ;   {no_reloc}
  0x00000193a0415688: 0f1f 4400 

  0x00000193a041568c: ;   {static_stub}
  0x00000193a041568c: 0048 bb00 | 0000 0000 

  0x00000193a0415694: ;   {runtime_call nmethod}
  0x00000193a0415694: 0000 00e9 | fbff ffff 

  0x00000193a041569c: ;   {static_stub}
  0x00000193a041569c: 9048 bb00 | 0000 0000 

  0x00000193a04156a4: ;   {runtime_call nmethod}
  0x00000193a04156a4: 0000 00e9 | fbff ffff 

  0x00000193a04156ac: ;   {static_stub}
  0x00000193a04156ac: 9048 bb00 | 0000 0000 

  0x00000193a04156b4: ;   {runtime_call nmethod}
  0x00000193a04156b4: 0000 00e9 | fbff ffff 

  0x00000193a04156bc: ;   {static_stub}
  0x00000193a04156bc: 9048 bb00 | 0000 0000 

  0x00000193a04156c4: ;   {runtime_call nmethod}
  0x00000193a04156c4: 0000 00e9 | fbff ffff 

  0x00000193a04156cc: ;   {static_stub}
  0x00000193a04156cc: 9048 bb00 | 0000 0000 

  0x00000193a04156d4: ;   {runtime_call nmethod}
  0x00000193a04156d4: 0000 00e9 | fbff ffff 

  0x00000193a04156dc: ;   {static_stub}
  0x00000193a04156dc: 9048 bb00 | 0000 0000 

  0x00000193a04156e4: ;   {runtime_call nmethod}
  0x00000193a04156e4: 0000 00e9 | fbff ffff 

  0x00000193a04156ec: ;   {static_stub}
  0x00000193a04156ec: 9048 bb00 | 0000 0000 

  0x00000193a04156f4: ;   {runtime_call nmethod}
  0x00000193a04156f4: 0000 00e9 | fbff ffff 

  0x00000193a04156fc: ;   {static_stub}
  0x00000193a04156fc: 9048 bb00 | 0000 0000 

  0x00000193a0415704: ;   {runtime_call nmethod}
  0x00000193a0415704: 0000 00e9 | fbff ffff 

  0x00000193a041570c: ;   {static_stub}
  0x00000193a041570c: 9048 bb00 | 0000 0000 

  0x00000193a0415714: ;   {runtime_call nmethod}
  0x00000193a0415714: 0000 00e9 | fbff ffff 

  0x00000193a041571c: ;   {static_stub}
  0x00000193a041571c: 9048 bb00 | 0000 0000 

  0x00000193a0415724: ;   {runtime_call nmethod}
  0x00000193a0415724: 0000 00e9 | fbff ffff 

  0x00000193a041572c: ;   {static_stub}
  0x00000193a041572c: 9048 bb00 | 0000 0000 

  0x00000193a0415734: ;   {runtime_call nmethod}
  0x00000193a0415734: 0000 00e9 | fbff ffff 

  0x00000193a041573c: ;   {static_stub}
  0x00000193a041573c: 9048 bb00 | 0000 0000 

  0x00000193a0415744: ;   {runtime_call nmethod}
  0x00000193a0415744: 0000 00e9 | fbff ffff 

  0x00000193a041574c: ;   {static_stub}
  0x00000193a041574c: 9048 bb00 | 0000 0000 

  0x00000193a0415754: ;   {runtime_call nmethod}
  0x00000193a0415754: 0000 00e9 | fbff ffff 

  0x00000193a041575c: ;   {static_stub}
  0x00000193a041575c: 9048 bb00 | 0000 0000 

  0x00000193a0415764: ;   {runtime_call nmethod}
  0x00000193a0415764: 0000 00e9 | fbff ffff 

  0x00000193a041576c: ;   {static_stub}
  0x00000193a041576c: 9048 bb00 | 0000 0000 

  0x00000193a0415774: ;   {runtime_call nmethod}
  0x00000193a0415774: 0000 00e9 | fbff ffff 

  0x00000193a041577c: ;   {static_stub}
  0x00000193a041577c: 9048 bb00 | 0000 0000 

  0x00000193a0415784: ;   {runtime_call nmethod}
  0x00000193a0415784: 0000 00e9 | fbff ffff 

  0x00000193a041578c: ;   {static_stub}
  0x00000193a041578c: 9048 bb00 | 0000 0000 

  0x00000193a0415794: ;   {runtime_call nmethod}
  0x00000193a0415794: 0000 00e9 | fbff ffff 

  0x00000193a041579c: ;   {static_stub}
  0x00000193a041579c: 9048 bb00 | 0000 0000 

  0x00000193a04157a4: ;   {runtime_call nmethod}
  0x00000193a04157a4: 0000 00e9 | fbff ffff 

  0x00000193a04157ac: ;   {static_stub}
  0x00000193a04157ac: 9048 bb00 | 0000 0000 

  0x00000193a04157b4: ;   {runtime_call nmethod}
  0x00000193a04157b4: 0000 00e9 | fbff ffff 

  0x00000193a04157bc: ;   {static_stub}
  0x00000193a04157bc: 9048 bb30 | fd5d f693 

  0x00000193a04157c4: ;   {runtime_call I2C/C2I adapters}
  0x00000193a04157c4: 0100 00e9 | 23fb 1807 

  0x00000193a04157cc: ;   {static_stub}
  0x00000193a04157cc: 9048 bb00 | 0000 0000 

  0x00000193a04157d4: ;   {runtime_call nmethod}
  0x00000193a04157d4: 0000 00e9 | fbff ffff 

  0x00000193a04157dc: ;   {static_stub}
  0x00000193a04157dc: 9048 bb00 | 0000 0000 

  0x00000193a04157e4: ;   {runtime_call nmethod}
  0x00000193a04157e4: 0000 00e9 | fbff ffff 

  0x00000193a04157ec: ;   {static_stub}
  0x00000193a04157ec: 9048 bb00 | 0000 0000 

  0x00000193a04157f4: ;   {runtime_call nmethod}
  0x00000193a04157f4: 0000 00e9 | fbff ffff 

  0x00000193a04157fc: ;   {static_stub}
  0x00000193a04157fc: 9048 bb00 | 0000 0000 

  0x00000193a0415804: ;   {runtime_call nmethod}
  0x00000193a0415804: 0000 00e9 | fbff ffff 

  0x00000193a041580c: ;   {static_stub}
  0x00000193a041580c: 9048 bb00 | 0000 0000 

  0x00000193a0415814: ;   {runtime_call nmethod}
  0x00000193a0415814: 0000 00e9 | fbff ffff 

  0x00000193a041581c: ;   {static_stub}
  0x00000193a041581c: 9048 bb00 | 0000 0000 

  0x00000193a0415824: ;   {runtime_call nmethod}
  0x00000193a0415824: 0000 00e9 | fbff ffff 

  0x00000193a041582c: ;   {static_stub}
  0x00000193a041582c: 9048 bb00 | 0000 0000 

  0x00000193a0415834: ;   {runtime_call nmethod}
  0x00000193a0415834: 0000 00e9 | fbff ffff 

  0x00000193a041583c: ;   {static_stub}
  0x00000193a041583c: 9048 bb00 | 0000 0000 

  0x00000193a0415844: ;   {runtime_call nmethod}
  0x00000193a0415844: 0000 00e9 | fbff ffff 

  0x00000193a041584c: ;   {static_stub}
  0x00000193a041584c: 9048 bb00 | 0000 0000 

  0x00000193a0415854: ;   {runtime_call nmethod}
  0x00000193a0415854: 0000 00e9 | fbff ffff 

  0x00000193a041585c: ;   {static_stub}
  0x00000193a041585c: 9048 bb00 | 0000 0000 

  0x00000193a0415864: ;   {runtime_call nmethod}
  0x00000193a0415864: 0000 00e9 | fbff ffff 

  0x00000193a041586c: ;   {static_stub}
  0x00000193a041586c: 9048 bb00 | 0000 0000 

  0x00000193a0415874: ;   {runtime_call nmethod}
  0x00000193a0415874: 0000 00e9 | fbff ffff 

  0x00000193a041587c: ;   {static_stub}
  0x00000193a041587c: 48bb 0000 | 0000 0000 

  0x00000193a0415884: ;   {runtime_call nmethod}
  0x00000193a0415884: 0000 e9fb 

  0x00000193a0415888: ;   {static_stub}
  0x00000193a0415888: ffff ff48 | bb00 0000 | 0000 0000 

  0x00000193a0415894: ;   {runtime_call nmethod}
  0x00000193a0415894: 00e9 fbff 

  0x00000193a0415898: ;   {static_stub}
  0x00000193a0415898: ffff 48bb | 0000 0000 | 0000 0000 

  0x00000193a04158a4: ;   {runtime_call nmethod}
  0x00000193a04158a4: e9fb ffff 

  0x00000193a04158a8: ;   {runtime_call handle_exception_from_callee Runtime1 stub}
  0x00000193a04158a8: ffe8 52a9 

  0x00000193a04158ac: ;   {external_word}
  0x00000193a04158ac: 2407 48b9 | 2053 c5ea | fd7f 0000 | 4883 e4f0 

  0x00000193a04158bc: ;   {runtime_call}
  0x00000193a04158bc: 48b8 90b7 | 87ea fd7f | 0000 ffd0 

  0x00000193a04158c8: ;   {section_word}
  0x00000193a04158c8: f449 bac9 | 5841 a093 | 0100 0041 

  0x00000193a04158d4: ;   {runtime_call DeoptimizationBlob}
  0x00000193a04158d4: 52e9 c6e4 | 1907 f4f4 | f4f4 f4f4 
[/MachCode]


---------------  P R O C E S S  ---------------

Threads class SMR info:
_java_thread_list=0x00000193fa9f6b60, length=17, elements={
0x000001939ce2f810, 0x000001939ceee6b0, 0x000001939cd65b30, 0x000001939cd682d0,
0x000001939cd692d0, 0x000001939cd6d3c0, 0x000001939cd72fa0, 0x000001939cd81630,
0x000001939cd86330, 0x00000193f5c26940, 0x00000193f5d85ad0, 0x00000193f5d7ef60,
0x00000193faae6230, 0x00000193fa9a67d0, 0x00000193fa670310, 0x00000193fa998070,
0x00000193faa4de30
}

Java Threads: ( => current thread )
  0x000001939ce2f810 JavaThread "main"                              [_thread_blocked, id=8156, stack(0x0000008affe00000,0x0000008afff00000) (1024K)]
  0x000001939ceee6b0 JavaThread "Reference Handler"          daemon [_thread_blocked, id=14240, stack(0x0000008a80200000,0x0000008a80300000) (1024K)]
  0x000001939cd65b30 JavaThread "Finalizer"                  daemon [_thread_blocked, id=17384, stack(0x0000008a80300000,0x0000008a80400000) (1024K)]
  0x000001939cd682d0 JavaThread "Signal Dispatcher"          daemon [_thread_blocked, id=22780, stack(0x0000008a80400000,0x0000008a80500000) (1024K)]
  0x000001939cd692d0 JavaThread "Attach Listener"            daemon [_thread_blocked, id=22124, stack(0x0000008a80500000,0x0000008a80600000) (1024K)]
  0x000001939cd6d3c0 JavaThread "Service Thread"             daemon [_thread_blocked, id=22584, stack(0x0000008a80600000,0x0000008a80700000) (1024K)]
  0x000001939cd72fa0 JavaThread "Monitor Deflation Thread"   daemon [_thread_blocked, id=8556, stack(0x0000008a80700000,0x0000008a80800000) (1024K)]
  0x000001939cd81630 JavaThread "C2 CompilerThread0"         daemon [_thread_blocked, id=19780, stack(0x0000008a80800000,0x0000008a80900000) (1024K)]
  0x000001939cd86330 JavaThread "C1 CompilerThread0"         daemon [_thread_blocked, id=16968, stack(0x0000008a80900000,0x0000008a80a00000) (1024K)]
  0x00000193f5c26940 JavaThread "Common-Cleaner"             daemon [_thread_blocked, id=21040, stack(0x0000008a80a00000,0x0000008a80b00000) (1024K)]
  0x00000193f5d85ad0 JavaThread "Notification Thread"        daemon [_thread_blocked, id=18860, stack(0x0000008a80b00000,0x0000008a80c00000) (1024K)]
  0x00000193f5d7ef60 JavaThread "C2 CompilerThread1"         daemon [_thread_blocked, id=5308, stack(0x0000008a80c00000,0x0000008a80d00000) (1024K)]
  0x00000193faae6230 JavaThread "Active Thread: Equinox Container: f9595857-4d48-41ed-83ea-b9e217e49453"        [_thread_blocked, id=9552, stack(0x0000008a81200000,0x0000008a81300000) (1024K)]
  0x00000193fa9a67d0 JavaThread "Framework Event Dispatcher: Equinox Container: f9595857-4d48-41ed-83ea-b9e217e49453" daemon [_thread_blocked, id=20740, stack(0x0000008a81300000,0x0000008a81400000) (1024K)]
=>0x00000193fa670310 JavaThread "Start Level: Equinox Container: f9595857-4d48-41ed-83ea-b9e217e49453" daemon [_thread_in_vm, id=17728, stack(0x0000008a81400000,0x0000008a81500000) (1024K)]
  0x00000193fa998070 JavaThread "SCR Component Actor"        daemon [_thread_blocked, id=17848, stack(0x0000008a81500000,0x0000008a81600000) (1024K)]
  0x00000193faa4de30 JavaThread "Worker-JM"                         [_thread_blocked, id=22676, stack(0x0000008a81600000,0x0000008a81700000) (1024K)]
Total: 17

Other Threads:
  0x000001939cd602c0 VMThread "VM Thread"                           [id=21792, stack(0x0000008a80100000,0x0000008a80200000) (1024K)]
  0x000001939ce9cb40 WatcherThread "VM Periodic Task Thread"        [id=14380, stack(0x0000008a80000000,0x0000008a80100000) (1024K)]
  0x000001939ce4f180 WorkerThread "GC Thread#0"                     [id=23504, stack(0x0000008afff00000,0x0000008b00000000) (1024K)]
  0x00000193fa17e0e0 WorkerThread "GC Thread#1"                     [id=2548, stack(0x0000008a80d00000,0x0000008a80e00000) (1024K)]
  0x00000193fa704c00 WorkerThread "GC Thread#2"                     [id=7060, stack(0x0000008a80e00000,0x0000008a80f00000) (1024K)]
  0x00000193fa17e480 WorkerThread "GC Thread#3"                     [id=20616, stack(0x0000008a80f00000,0x0000008a81000000) (1024K)]
  0x00000193fa17e820 WorkerThread "GC Thread#4"                     [id=11552, stack(0x0000008a81000000,0x0000008a81100000) (1024K)]
  0x00000193fa7497f0 WorkerThread "GC Thread#5"                     [id=3076, stack(0x0000008a81100000,0x0000008a81200000) (1024K)]
Total: 8

Threads with active compile tasks:
Total: 0

VM state: not at safepoint (normal execution)

VM Mutex/Monitor currently owned by a thread:  ([mutex/lock_event])
[0x00007ffdeaf0d5f0] Compile_lock - owner thread: 0x00000193fa670310

Heap address: 0x0000000080000000, size: 2048 MB, Compressed Oops mode: 32-bit

CDS archive(s) mapped at: [0x00000193b4000000-0x00000193b4ba0000-0x00000193b4ba0000), size 12189696, SharedBaseAddress: 0x00000193b4000000, ArchiveRelocationMode: 1.
Compressed class space mapped at: 0x00000193b5000000-0x00000193f5000000, reserved size: 1073741824
Narrow klass base: 0x00000193b4000000, Narrow klass shift: 0, Narrow klass range: 0x100000000

GC Precious Log:
 CardTable entry size: 512
 CPUs: 6 total, 6 available
 Memory: 32706M
 Large Page Support: Disabled
 NUMA Support: Disabled
 Compressed Oops: Enabled (32-bit)
 Alignments: Space 512K, Generation 512K, Heap 2M
 Heap Min Capacity: 100M
 Heap Initial Capacity: 100M
 Heap Max Capacity: 2G
 Pre-touch: Disabled
 Parallel Workers: 6

Heap:
 PSYoungGen      total 29696K, used 26355K [0x00000000d5580000, 0x00000000d7680000, 0x0000000100000000)
  eden space 25600K, 87% used [0x00000000d5580000,0x00000000d6b41d98,0x00000000d6e80000)
  from space 4096K, 99% used [0x00000000d7280000,0x00000000d767aff8,0x00000000d7680000)
  to   space 4096K, 0% used [0x00000000d6e80000,0x00000000d6e80000,0x00000000d7280000)
 ParOldGen       total 68608K, used 893K [0x0000000080000000, 0x0000000084300000, 0x00000000d5580000)
  object space 68608K, 1% used [0x0000000080000000,0x00000000800df6a8,0x0000000084300000)
 Metaspace       used 12486K, committed 13056K, reserved 1114112K
  class space    used 1336K, committed 1600K, reserved 1048576K

Card table byte_map: [0x000001939c7d0000,0x000001939cbe0000] _byte_map_base: 0x000001939c3d0000

Marking Bits: (ParMarkBitMap*) 0x00007ffdeaf12460
 Begin Bits: [0x00000193af2e0000, 0x00000193b12e0000)
 End Bits:   [0x00000193b12e0000, 0x00000193b32e0000)

Polling page: 0x000001939abd0000

Metaspace:

Usage:
  Non-class:     10.89 MB used.
      Class:      1.31 MB used.
       Both:     12.19 MB used.

Virtual space:
  Non-class space:       64.00 MB reserved,      11.19 MB ( 17%) committed,  1 nodes.
      Class space:        1.00 GB reserved,       1.56 MB ( <1%) committed,  1 nodes.
             Both:        1.06 GB reserved,      12.75 MB (  1%) committed. 

Chunk freelists:
   Non-Class:  4.56 MB
       Class:  14.49 MB
        Both:  19.05 MB

MaxMetaspaceSize: unlimited
CompressedClassSpaceSize: 1.00 GB
Initial GC threshold: 21.00 MB
Current GC threshold: 21.00 MB
CDS: on
 - commit_granule_bytes: 65536.
 - commit_granule_words: 8192.
 - virtual_space_node_default_size: 8388608.
 - enlarge_chunks_in_place: 1.
 - use_allocation_guard: 0.


Internal statistics:

num_allocs_failed_limit: 0.
num_arena_births: 324.
num_arena_deaths: 0.
num_vsnodes_births: 2.
num_vsnodes_deaths: 0.
num_space_committed: 204.
num_space_uncommitted: 0.
num_chunks_returned_to_freelist: 0.
num_chunks_taken_from_freelist: 744.
num_chunk_merges: 0.
num_chunk_splits: 469.
num_chunks_enlarged: 302.
num_inconsistent_stats: 0.

CodeHeap 'non-profiled nmethods': size=120000Kb used=898Kb max_used=898Kb free=119102Kb
 bounds [0x00000193a7b00000, 0x00000193a7d70000, 0x00000193af030000]
CodeHeap 'profiled nmethods': size=120000Kb used=4072Kb max_used=4072Kb free=115927Kb
 bounds [0x00000193a0030000, 0x00000193a0430000, 0x00000193a7560000]
CodeHeap 'non-nmethods': size=5760Kb used=1247Kb max_used=1265Kb free=4512Kb
 bounds [0x00000193a7560000, 0x00000193a77d0000, 0x00000193a7b00000]
CodeCache: size=245760Kb, used=6217Kb, max_used=6235Kb, free=239541Kb
 total_blobs=2678, nmethods=2163, adapters=421, full_count=0
Compilation: enabled, stopped_count=0, restarted_count=0

Compilation events (20 events):
Event: 1.580 Thread 0x000001939cd86330 nmethod 2152 0x00000193a0427290 code [0x00000193a04274e0, 0x00000193a0427db8]
Event: 1.580 Thread 0x000001939cd86330 2156       3       java.lang.reflect.Modifier::isFinal (13 bytes)
Event: 1.580 Thread 0x000001939cd86330 nmethod 2156 0x00000193a0428090 code [0x00000193a0428220, 0x00000193a0428360]
Event: 1.582 Thread 0x000001939cd86330 2157       3       java.lang.invoke.BoundMethodHandle$SpeciesData::extendWith (64 bytes)
Event: 1.582 Thread 0x000001939cd86330 nmethod 2157 0x00000193a0428410 code [0x00000193a0428660, 0x00000193a0428fb0]
Event: 1.583 Thread 0x000001939cd81630 2158       4       java.lang.invoke.MethodType::hashCode (53 bytes)
Event: 1.584 Thread 0x000001939cd86330 2159       3       java.lang.invoke.BoundMethodHandle$Species_L::make (11 bytes)
Event: 1.584 Thread 0x000001939cd86330 nmethod 2159 0x00000193a0429310 code [0x00000193a04294c0, 0x00000193a04296e0]
Event: 1.586 Thread 0x000001939cd86330 2160       1       java.lang.reflect.Field::getDeclaringClass (5 bytes)
Event: 1.586 Thread 0x000001939cd86330 nmethod 2160 0x00000193a7bdd410 code [0x00000193a7bdd5a0, 0x00000193a7bdd668]
Event: 1.586 Thread 0x000001939cd81630 nmethod 2158 0x00000193a7bdd710 code [0x00000193a7bdd8c0, 0x00000193a7bddab0]
Event: 1.586 Thread 0x000001939cd86330 2161       1       java.lang.reflect.Field::getType (5 bytes)
Event: 1.586 Thread 0x000001939cd86330 nmethod 2161 0x00000193a7bddc90 code [0x00000193a7bdde20, 0x00000193a7bddee8]
Event: 1.586 Thread 0x000001939cd81630 2162       4       jdk.internal.util.ReferencedKeyMap::removeStaleReferences (30 bytes)
Event: 1.588 Thread 0x000001939cd86330 2164       1       java.lang.reflect.AccessibleObject::isAccessible (5 bytes)
Event: 1.588 Thread 0x000001939cd86330 nmethod 2164 0x00000193a7bde390 code [0x00000193a7bde520, 0x00000193a7bde5f0]
Event: 1.588 Thread 0x000001939cd86330 2165       3       java.lang.invoke.MethodHandle::asType (32 bytes)
Event: 1.589 Thread 0x000001939cd86330 nmethod 2165 0x00000193a0429810 code [0x00000193a0429a40, 0x00000193a042a0d0]
Event: 1.589 Thread 0x000001939cd81630 nmethod 2162 0x00000193a7bde690 code [0x00000193a7bde880, 0x00000193a7bdef40]
Event: 1.592 Thread 0x00000193f5d7ef60 nmethod 2138% 0x00000193a7bdf190 code [0x00000193a7bdf380, 0x00000193a7bdffe8]

GC Heap History (4 events):
Event: 0.750 GC heap before
{Heap before GC invocations=1 (full 0):
 PSYoungGen      total 29696K, used 25600K [0x00000000d5580000, 0x00000000d7680000, 0x0000000100000000)
  eden space 25600K, 100% used [0x00000000d5580000,0x00000000d6e80000,0x00000000d6e80000)
  from space 4096K, 0% used [0x00000000d7280000,0x00000000d7280000,0x00000000d7680000)
  to   space 4096K, 0% used [0x00000000d6e80000,0x00000000d6e80000,0x00000000d7280000)
 ParOldGen       total 68608K, used 0K [0x0000000080000000, 0x0000000084300000, 0x00000000d5580000)
  object space 68608K, 0% used [0x0000000080000000,0x0000000080000000,0x0000000084300000)
 Metaspace       used 4338K, committed 4608K, reserved 1114112K
  class space    used 472K, committed 576K, reserved 1048576K
}
Event: 0.757 GC heap after
{Heap after GC invocations=1 (full 0):
 PSYoungGen      total 29696K, used 3287K [0x00000000d5580000, 0x00000000d7680000, 0x0000000100000000)
  eden space 25600K, 0% used [0x00000000d5580000,0x00000000d5580000,0x00000000d6e80000)
  from space 4096K, 80% used [0x00000000d6e80000,0x00000000d71b5ea8,0x00000000d7280000)
  to   space 4096K, 0% used [0x00000000d7280000,0x00000000d7280000,0x00000000d7680000)
 ParOldGen       total 68608K, used 16K [0x0000000080000000, 0x0000000084300000, 0x00000000d5580000)
  object space 68608K, 0% used [0x0000000080000000,0x0000000080004000,0x0000000084300000)
 Metaspace       used 4338K, committed 4608K, reserved 1114112K
  class space    used 472K, committed 576K, reserved 1048576K
}
Event: 1.219 GC heap before
{Heap before GC invocations=2 (full 0):
 PSYoungGen      total 29696K, used 28887K [0x00000000d5580000, 0x00000000d7680000, 0x0000000100000000)
  eden space 25600K, 100% used [0x00000000d5580000,0x00000000d6e80000,0x00000000d6e80000)
  from space 4096K, 80% used [0x00000000d6e80000,0x00000000d71b5ea8,0x00000000d7280000)
  to   space 4096K, 0% used [0x00000000d7280000,0x00000000d7280000,0x00000000d7680000)
 ParOldGen       total 68608K, used 16K [0x0000000080000000, 0x0000000084300000, 0x00000000d5580000)
  object space 68608K, 0% used [0x0000000080000000,0x0000000080004000,0x0000000084300000)
 Metaspace       used 8221K, committed 8512K, reserved 1114112K
  class space    used 878K, committed 1024K, reserved 1048576K
}
Event: 1.222 GC heap after
{Heap after GC invocations=2 (full 0):
 PSYoungGen      total 29696K, used 4075K [0x00000000d5580000, 0x00000000d7680000, 0x0000000100000000)
  eden space 25600K, 0% used [0x00000000d5580000,0x00000000d5580000,0x00000000d6e80000)
  from space 4096K, 99% used [0x00000000d7280000,0x00000000d767aff8,0x00000000d7680000)
  to   space 4096K, 0% used [0x00000000d6e80000,0x00000000d6e80000,0x00000000d7280000)
 ParOldGen       total 68608K, used 893K [0x0000000080000000, 0x0000000084300000, 0x00000000d5580000)
  object space 68608K, 1% used [0x0000000080000000,0x00000000800df6a8,0x0000000084300000)
 Metaspace       used 8221K, committed 8512K, reserved 1114112K
  class space    used 878K, committed 1024K, reserved 1048576K
}

Dll operation events (9 events):
Event: 0.014 Loaded shared library c:\Users\User\.vscode\extensions\redhat.java-1.49.0-win32-x64\jre\21.0.9-win32-x86_64\bin\java.dll
Event: 0.065 Loaded shared library c:\Users\User\.vscode\extensions\redhat.java-1.49.0-win32-x64\jre\21.0.9-win32-x86_64\bin\zip.dll
Event: 0.081 Loaded shared library C:\Users\User\.vscode\extensions\redhat.java-1.49.0-win32-x64\jre\21.0.9-win32-x86_64\bin\instrument.dll
Event: 0.086 Loaded shared library C:\Users\User\.vscode\extensions\redhat.java-1.49.0-win32-x64\jre\21.0.9-win32-x86_64\bin\net.dll
Event: 0.089 Loaded shared library C:\Users\User\.vscode\extensions\redhat.java-1.49.0-win32-x64\jre\21.0.9-win32-x86_64\bin\nio.dll
Event: 0.093 Loaded shared library C:\Users\User\.vscode\extensions\redhat.java-1.49.0-win32-x64\jre\21.0.9-win32-x86_64\bin\zip.dll
Event: 0.111 Loaded shared library C:\Users\User\.vscode\extensions\redhat.java-1.49.0-win32-x64\jre\21.0.9-win32-x86_64\bin\jimage.dll
Event: 0.227 Loaded shared library c:\Users\User\.vscode\extensions\redhat.java-1.49.0-win32-x64\jre\21.0.9-win32-x86_64\bin\verify.dll
Event: 1.199 Loaded shared library C:\Users\User\AppData\Roaming\Code\User\globalStorage\redhat.java\1.49.0\config_ss_win\org.eclipse.equinox.launcher\org.eclipse.equinox.launcher.win32.win32.x86_64_1.2.1400.v20250801-0854\eclipse_11916.dll

Deoptimization events (20 events):
Event: 1.482 Thread 0x00000193fa670310 Uncommon trap: trap_request=0xffffff45 fr.pc=0x00000193a7b5373c relative=0x00000000000004dc
Event: 1.483 Thread 0x00000193fa670310 Uncommon trap: reason=unstable_if action=reinterpret pc=0x00000193a7b5373c method=java.util.jar.Manifest$FastInputStream.readLine([BII)I @ 106 c2
Event: 1.483 Thread 0x00000193fa670310 DEOPT PACKING pc=0x00000193a7b5373c sp=0x0000008a814fe2b0
Event: 1.483 Thread 0x00000193fa670310 DEOPT UNPACKING pc=0x00000193a75b3aa2 sp=0x0000008a814fe260 mode 2
Event: 1.511 Thread 0x00000193fa670310 Uncommon trap: trap_request=0xffffffc6 fr.pc=0x00000193a7bd0034 relative=0x00000000000004f4
Event: 1.511 Thread 0x00000193fa670310 Uncommon trap: reason=bimorphic_or_optimized_type_check action=maybe_recompile pc=0x00000193a7bd0034 method=java.io.DataInputStream.readUnsignedByte()I @ 4 c2
Event: 1.511 Thread 0x00000193fa670310 DEOPT PACKING pc=0x00000193a7bd0034 sp=0x0000008a814f8bf0
Event: 1.511 Thread 0x00000193fa670310 DEOPT UNPACKING pc=0x00000193a75b3aa2 sp=0x0000008a814f8b38 mode 2
Event: 1.511 Thread 0x00000193fa670310 Uncommon trap: trap_request=0xffffffc6 fr.pc=0x00000193a7bd0034 relative=0x00000000000004f4
Event: 1.511 Thread 0x00000193fa670310 Uncommon trap: reason=bimorphic_or_optimized_type_check action=maybe_recompile pc=0x00000193a7bd0034 method=java.io.DataInputStream.readUnsignedByte()I @ 4 c2
Event: 1.511 Thread 0x00000193fa670310 DEOPT PACKING pc=0x00000193a7bd0034 sp=0x0000008a814f8b60
Event: 1.511 Thread 0x00000193fa670310 DEOPT UNPACKING pc=0x00000193a75b3aa2 sp=0x0000008a814f8aa8 mode 2
Event: 1.511 Thread 0x00000193fa670310 Uncommon trap: trap_request=0xffffffc6 fr.pc=0x00000193a7bd0034 relative=0x00000000000004f4
Event: 1.511 Thread 0x00000193fa670310 Uncommon trap: reason=bimorphic_or_optimized_type_check action=maybe_recompile pc=0x00000193a7bd0034 method=java.io.DataInputStream.readUnsignedByte()I @ 4 c2
Event: 1.511 Thread 0x00000193fa670310 DEOPT PACKING pc=0x00000193a7bd0034 sp=0x0000008a814f8b60
Event: 1.511 Thread 0x00000193fa670310 DEOPT UNPACKING pc=0x00000193a75b3aa2 sp=0x0000008a814f8aa8 mode 2
Event: 1.511 Thread 0x00000193fa670310 Uncommon trap: trap_request=0xffffffc6 fr.pc=0x00000193a7bd0034 relative=0x00000000000004f4
Event: 1.511 Thread 0x00000193fa670310 Uncommon trap: reason=bimorphic_or_optimized_type_check action=maybe_recompile pc=0x00000193a7bd0034 method=java.io.DataInputStream.readUnsignedByte()I @ 4 c2
Event: 1.511 Thread 0x00000193fa670310 DEOPT PACKING pc=0x00000193a7bd0034 sp=0x0000008a814f8b60
Event: 1.511 Thread 0x00000193fa670310 DEOPT UNPACKING pc=0x00000193a75b3aa2 sp=0x0000008a814f8aa8 mode 2

Classes loaded (20 events):
Event: 1.520 Loading class java/time/zone/ZoneRulesProvider$1
Event: 1.520 Loading class java/time/zone/ZoneRulesProvider$1 done
Event: 1.520 Loading class java/time/zone/TzdbZoneRulesProvider
Event: 1.521 Loading class java/time/zone/TzdbZoneRulesProvider done
Event: 1.525 Loading class java/time/zone/Ser
Event: 1.525 Loading class java/io/Externalizable
Event: 1.525 Loading class java/io/Externalizable done
Event: 1.525 Loading class java/time/zone/Ser done
Event: 1.527 Loading class java/util/Formatter$FixedString
Event: 1.527 Loading class java/util/Formatter$FixedString done
Event: 1.544 Loading class java/util/concurrent/TimeoutException
Event: 1.544 Loading class java/util/concurrent/TimeoutException done
Event: 1.573 Loading class java/util/PropertyResourceBundle
Event: 1.574 Loading class java/util/PropertyResourceBundle done
Event: 1.574 Loading class sun/util/PropertyResourceBundleCharset
Event: 1.574 Loading class sun/util/PropertyResourceBundleCharset done
Event: 1.574 Loading class sun/util/PropertyResourceBundleCharset$PropertiesFileDecoder
Event: 1.574 Loading class sun/util/PropertyResourceBundleCharset$PropertiesFileDecoder done
Event: 1.575 Loading class java/lang/invoke/DirectMethodHandle$StaticAccessor
Event: 1.575 Loading class java/lang/invoke/DirectMethodHandle$StaticAccessor done

Classes unloaded (0 events):
No events

Classes redefined (0 events):
No events

Internal exceptions (20 events):
Event: 0.796 Thread 0x000001939ce2f810 Exception <a 'java/lang/NoSuchMethodError'{0x00000000d56dcb70}: 'void java.lang.invoke.DirectMethodHandle$Holder.invokeStatic(java.lang.Object, java.lang.Object, java.lang.Object, java.lang.Object)'> (0x00000000d56dcb70) 
thrown [s\src\hotspot\share\interpreter\linkResolver.cpp, line 773]
Event: 0.796 Thread 0x000001939ce2f810 Implicit null exception at 0x00000193a7b5d81a to 0x00000193a7b5da3c
Event: 0.796 Thread 0x000001939ce2f810 Implicit null exception at 0x00000193a7b55dc0 to 0x00000193a7b55e45
Event: 0.845 Thread 0x000001939ce2f810 Exception <a 'java/lang/NoSuchMethodError'{0x00000000d5991888}: 'void java.lang.invoke.DirectMethodHandle$Holder.invokeSpecial(java.lang.Object, java.lang.Object, java.lang.Object)'> (0x00000000d5991888) 
thrown [s\src\hotspot\share\interpreter\linkResolver.cpp, line 773]
Event: 1.013 Thread 0x000001939ce2f810 Exception <a 'java/lang/NoSuchMethodError'{0x00000000d6243140}: 'int java.lang.invoke.DirectMethodHandle$Holder.invokeVirtual(java.lang.Object, java.lang.Object)'> (0x00000000d6243140) 
thrown [s\src\hotspot\share\interpreter\linkResolver.cpp, line 773]
Event: 1.042 Thread 0x000001939ce2f810 Exception <a 'java/lang/NoSuchMethodError'{0x00000000d63b7b48}: 'int java.lang.invoke.DirectMethodHandle$Holder.invokeStaticInit(java.lang.Object, java.lang.Object, java.lang.Object, java.lang.Object)'> (0x00000000d63b7b48) 
thrown [s\src\hotspot\share\interpreter\linkResolver.cpp, line 773]
Event: 1.043 Thread 0x000001939ce2f810 Exception <a 'java/lang/IncompatibleClassChangeError'{0x00000000d63bff50}: Found class java.lang.Object, but interface was expected> (0x00000000d63bff50) 
thrown [s\src\hotspot\share\interpreter\linkResolver.cpp, line 840]
Event: 1.043 Thread 0x000001939ce2f810 Exception <a 'java/lang/NoSuchMethodError'{0x00000000d63c6520}: 'void java.lang.invoke.DirectMethodHandle$Holder.invokeStaticInit(java.lang.Object, java.lang.Object)'> (0x00000000d63c6520) 
thrown [s\src\hotspot\share\interpreter\linkResolver.cpp, line 773]
Event: 1.044 Thread 0x000001939ce2f810 Exception <a 'java/lang/NoSuchMethodError'{0x00000000d63cf6f8}: 'int java.lang.invoke.DirectMethodHandle$Holder.invokeStaticInit(java.lang.Object, java.lang.Object)'> (0x00000000d63cf6f8) 
thrown [s\src\hotspot\share\interpreter\linkResolver.cpp, line 773]
Event: 1.087 Thread 0x000001939ce2f810 Exception <a 'java/lang/NoSuchMethodError'{0x00000000d661b850}: 'java.lang.Object java.lang.invoke.DirectMethodHandle$Holder.newInvokeSpecial(java.lang.Object, int, java.lang.Object)'> (0x00000000d661b850) 
thrown [s\src\hotspot\share\interpreter\linkResolver.cpp, line 773]
Event: 1.122 Thread 0x000001939ce2f810 Exception <a 'java/lang/ClassNotFoundException'{0x00000000d6836d40}: sun/net/www/protocol/plurl/Handler> (0x00000000d6836d40) 
thrown [s\src\hotspot\share\classfile\systemDictionary.cpp, line 312]
Event: 1.122 Thread 0x000001939ce2f810 Exception <a 'java/lang/ClassNotFoundException'{0x00000000d6837bc0}: sun/net/www/protocol/plurl/Handler> (0x00000000d6837bc0) 
thrown [s\src\hotspot\share\classfile\systemDictionary.cpp, line 312]
Event: 1.196 Thread 0x000001939ce2f810 Exception <a 'java/lang/UnsatisfiedLinkError'{0x00000000d6c63578}: 'void org.eclipse.equinox.launcher.JNIBridge._update_splash()'> (0x00000000d6c63578) 
thrown [s\src\hotspot\share\prims\nativeLookup.cpp, line 415]
Event: 1.243 Thread 0x00000193fa670310 Exception <a 'java/lang/NullPointerException'{0x00000000d5709f78}> (0x00000000d5709f78) 
thrown [s\src\hotspot\share\interpreter\linkResolver.cpp, line 1372]
Event: 1.243 Thread 0x00000193fa670310 Exception <a 'java/lang/NullPointerException'{0x00000000d570a258}> (0x00000000d570a258) 
thrown [s\src\hotspot\share\interpreter\linkResolver.cpp, line 1372]
Event: 1.339 Thread 0x00000193fa670310 Exception <a 'java/lang/NoSuchMethodError'{0x00000000d60783f0}: 'long java.lang.invoke.DirectMethodHandle$Holder.invokeSpecial(java.lang.Object, java.lang.Object)'> (0x00000000d60783f0) 
thrown [s\src\hotspot\share\interpreter\linkResolver.cpp, line 773]
Event: 1.402 Thread 0x00000193fa670310 Exception <a 'java/io/FileNotFoundException'{0x00000000d6271b08}> (0x00000000d6271b08) 
thrown [s\src\hotspot\share\prims\jni.cpp, line 520]
Event: 1.474 Thread 0x00000193fa670310 Exception <a 'java/lang/NoSuchMethodError'{0x00000000d6554920}: 'java.lang.Object java.lang.invoke.Invokers$Holder.linkToTargetMethod(java.lang.Object, long, java.lang.Object)'> (0x00000000d6554920) 
thrown [s\src\hotspot\share\interpreter\linkResolver.cpp, line 773]
Event: 1.545 Thread 0x00000193fa670310 Exception <a 'java/lang/NoSuchMethodError'{0x00000000d68f7f90}: 'void java.lang.invoke.DirectMethodHandle$Holder.invokeInterface(java.lang.Object, java.lang.Object, java.lang.Object)'> (0x00000000d68f7f90) 
thrown [s\src\hotspot\share\interpreter\linkResolver.cpp, line 773]
Event: 1.576 Thread 0x00000193fa670310 Exception <a 'java/lang/NoSuchMethodError'{0x00000000d6b09fa8}: 'void java.lang.invoke.Invokers$Holder.invokeExact_MT(java.lang.Object, java.lang.Object, java.lang.Object)'> (0x00000000d6b09fa8) 
thrown [s\src\hotspot\share\interpreter\linkResolver.cpp, line 773]

ZGC Phase Switch (0 events):
No events

VM Operations (20 events):
Event: 0.722 Executing VM operation: ICBufferFull
Event: 0.723 Executing VM operation: ICBufferFull done
Event: 0.750 Executing VM operation: ParallelGCFailedAllocation (Allocation Failure)
Event: 0.757 Executing VM operation: ParallelGCFailedAllocation (Allocation Failure) done
Event: 1.070 Executing VM operation: HandshakeAllThreads (Deoptimize)
Event: 1.070 Executing VM operation: HandshakeAllThreads (Deoptimize) done
Event: 1.077 Executing VM operation: HandshakeAllThreads (Deoptimize)
Event: 1.077 Executing VM operation: HandshakeAllThreads (Deoptimize) done
Event: 1.112 Executing VM operation: HandshakeAllThreads (Deoptimize)
Event: 1.112 Executing VM operation: HandshakeAllThreads (Deoptimize) done
Event: 1.120 Executing VM operation: HandshakeAllThreads (Deoptimize)
Event: 1.120 Executing VM operation: HandshakeAllThreads (Deoptimize) done
Event: 1.202 Executing VM operation: ICBufferFull
Event: 1.202 Executing VM operation: ICBufferFull done
Event: 1.219 Executing VM operation: ParallelGCFailedAllocation (Allocation Failure)
Event: 1.222 Executing VM operation: ParallelGCFailedAllocation (Allocation Failure) done
Event: 1.296 Executing VM operation: HandshakeAllThreads (Deoptimize)
Event: 1.296 Executing VM operation: HandshakeAllThreads (Deoptimize) done
Event: 1.519 Executing VM operation: HandshakeAllThreads (Deoptimize)
Event: 1.519 Executing VM operation: HandshakeAllThreads (Deoptimize) done

Memory protections (0 events):
No events

Nmethod flushes (0 events):
No events

Events (17 events):
Event: 0.024 Thread 0x000001939ce2f810 Thread added: 0x000001939ce2f810
Event: 0.037 Thread 0x000001939ce2f810 Thread added: 0x000001939ceee6b0
Event: 0.037 Thread 0x000001939ce2f810 Thread added: 0x000001939cd65b30
Event: 0.038 Thread 0x000001939ce2f810 Thread added: 0x000001939cd682d0
Event: 0.038 Thread 0x000001939ce2f810 Thread added: 0x000001939cd692d0
Event: 0.038 Thread 0x000001939ce2f810 Thread added: 0x000001939cd6d3c0
Event: 0.038 Thread 0x000001939ce2f810 Thread added: 0x000001939cd72fa0
Event: 0.038 Thread 0x000001939ce2f810 Thread added: 0x000001939cd81630
Event: 0.038 Thread 0x000001939ce2f810 Thread added: 0x000001939cd86330
Event: 0.082 Thread 0x000001939ce2f810 Thread added: 0x00000193f5c26940
Event: 0.412 Thread 0x000001939ce2f810 Thread added: 0x00000193f5d85ad0
Event: 0.422 Thread 0x000001939cd86330 Thread added: 0x00000193f5d7ef60
Event: 1.055 Thread 0x000001939ce2f810 Thread added: 0x00000193faae6230
Event: 1.192 Thread 0x000001939ce2f810 Thread added: 0x00000193fa9a67d0
Event: 1.195 Thread 0x000001939ce2f810 Thread added: 0x00000193fa670310
Event: 1.286 Thread 0x00000193fa670310 Thread added: 0x00000193fa998070
Event: 1.554 Thread 0x00000193fa670310 Thread added: 0x00000193faa4de30


Dynamic libraries:
0x00007ff7d5e40000 - 0x00007ff7d5e4e000 	c:\Users\User\.vscode\extensions\redhat.java-1.49.0-win32-x64\jre\21.0.9-win32-x86_64\bin\java.exe
0x00007ffeb23a0000 - 0x00007ffeb2608000 	C:\WINDOWS\SYSTEM32\ntdll.dll
0x00007ffe97830000 - 0x00007ffe97850000 	C:\Program Files\Norton\Suite\aswhook.dll
0x00007ffeb1150000 - 0x00007ffeb1219000 	C:\WINDOWS\System32\KERNEL32.DLL
0x00007ffeaf7d0000 - 0x00007ffeafbc8000 	C:\WINDOWS\System32\KERNELBASE.dll
0x00007ffeafe70000 - 0x00007ffeaffbb000 	C:\WINDOWS\System32\ucrtbase.dll
0x00007ffe88360000 - 0x00007ffe88378000 	c:\Users\User\.vscode\extensions\redhat.java-1.49.0-win32-x64\jre\21.0.9-win32-x86_64\bin\jli.dll
0x00007ffeb1af0000 - 0x00007ffeb1cb7000 	C:\WINDOWS\System32\USER32.dll
0x00007ffeaf630000 - 0x00007ffeaf657000 	C:\WINDOWS\System32\win32u.dll
0x00007ffe82c70000 - 0x00007ffe82c8e000 	c:\Users\User\.vscode\extensions\redhat.java-1.49.0-win32-x64\jre\21.0.9-win32-x86_64\bin\VCRUNTIME140.dll
0x00007ffeb0140000 - 0x00007ffeb016b000 	C:\WINDOWS\System32\GDI32.dll
0x00007ffe91b20000 - 0x00007ffe91db4000 	C:\WINDOWS\WinSxS\amd64_microsoft.windows.common-controls_6595b64144ccf1df_6.0.26100.7019_none_3e06ffa0e335b8a8\COMCTL32.dll
0x00007ffeafbd0000 - 0x00007ffeafcfc000 	C:\WINDOWS\System32\gdi32full.dll
0x00007ffeb18c0000 - 0x00007ffeb1969000 	C:\WINDOWS\System32\msvcrt.dll
0x00007ffeaf580000 - 0x00007ffeaf623000 	C:\WINDOWS\System32\msvcp_win.dll
0x00007ffeb1300000 - 0x00007ffeb1331000 	C:\WINDOWS\System32\IMM32.DLL
0x00007ffeaa6f0000 - 0x00007ffeaa6fc000 	c:\Users\User\.vscode\extensions\redhat.java-1.49.0-win32-x64\jre\21.0.9-win32-x86_64\bin\vcruntime140_1.dll
0x00007ffe51220000 - 0x00007ffe512ad000 	c:\Users\User\.vscode\extensions\redhat.java-1.49.0-win32-x64\jre\21.0.9-win32-x86_64\bin\msvcp140.dll
0x00007ffdea250000 - 0x00007ffdeaff0000 	c:\Users\User\.vscode\extensions\redhat.java-1.49.0-win32-x64\jre\21.0.9-win32-x86_64\bin\server\jvm.dll
0x00007ffeb1800000 - 0x00007ffeb18b4000 	C:\WINDOWS\System32\ADVAPI32.dll
0x00007ffeb0fe0000 - 0x00007ffeb1086000 	C:\WINDOWS\System32\sechost.dll
0x00007ffeb2240000 - 0x00007ffeb2358000 	C:\WINDOWS\System32\RPCRT4.dll
0x00007ffeb1750000 - 0x00007ffeb17c4000 	C:\WINDOWS\System32\WS2_32.dll
0x00007ffeaf350000 - 0x00007ffeaf3ae000 	C:\WINDOWS\SYSTEM32\POWRPROF.dll
0x00007ffea3ff0000 - 0x00007ffea4025000 	C:\WINDOWS\SYSTEM32\WINMM.dll
0x00007ffea89e0000 - 0x00007ffea89eb000 	C:\WINDOWS\SYSTEM32\VERSION.dll
0x00007ffeaf330000 - 0x00007ffeaf344000 	C:\WINDOWS\SYSTEM32\UMPDC.dll
0x00007ffeae2b0000 - 0x00007ffeae2cb000 	C:\WINDOWS\SYSTEM32\kernel.appcore.dll
0x00007ffe99c40000 - 0x00007ffe99c4a000 	c:\Users\User\.vscode\extensions\redhat.java-1.49.0-win32-x64\jre\21.0.9-win32-x86_64\bin\jimage.dll
0x00007ffe9d460000 - 0x00007ffe9d6a2000 	C:\WINDOWS\SYSTEM32\DBGHELP.DLL
0x00007ffeb1340000 - 0x00007ffeb16cb000 	C:\WINDOWS\System32\combase.dll
0x00007ffeb1220000 - 0x00007ffeb12f7000 	C:\WINDOWS\System32\OLEAUT32.dll
0x00007ffe9d360000 - 0x00007ffe9d39c000 	C:\WINDOWS\SYSTEM32\dbgcore.DLL
0x00007ffeafdc0000 - 0x00007ffeafe65000 	C:\WINDOWS\System32\bcryptPrimitives.dll
0x00007ffe99580000 - 0x00007ffe9958f000 	c:\Users\User\.vscode\extensions\redhat.java-1.49.0-win32-x64\jre\21.0.9-win32-x86_64\bin\instrument.dll
0x00007ffe80540000 - 0x00007ffe80560000 	c:\Users\User\.vscode\extensions\redhat.java-1.49.0-win32-x64\jre\21.0.9-win32-x86_64\bin\java.dll
0x00007ffeb0520000 - 0x00007ffeb0c6f000 	C:\WINDOWS\System32\SHELL32.dll
0x00007ffeaf660000 - 0x00007ffeaf7cb000 	C:\WINDOWS\System32\wintypes.dll
0x00007ffead150000 - 0x00007ffead9ad000 	C:\WINDOWS\SYSTEM32\windows.storage.dll
0x00007ffeb03f0000 - 0x00007ffeb04e2000 	C:\WINDOWS\System32\SHCORE.dll
0x00007ffeb0170000 - 0x00007ffeb01d7000 	C:\WINDOWS\System32\shlwapi.dll
0x00007ffeaf410000 - 0x00007ffeaf439000 	C:\WINDOWS\SYSTEM32\profapi.dll
0x00007ffe89e20000 - 0x00007ffe89e38000 	c:\Users\User\.vscode\extensions\redhat.java-1.49.0-win32-x64\jre\21.0.9-win32-x86_64\bin\zip.dll
0x00007ffe99460000 - 0x00007ffe99470000 	C:\Users\User\.vscode\extensions\redhat.java-1.49.0-win32-x64\jre\21.0.9-win32-x86_64\bin\net.dll
0x00007ffea8e10000 - 0x00007ffea8f38000 	C:\WINDOWS\SYSTEM32\WINHTTP.dll
0x00007ffeae820000 - 0x00007ffeae88b000 	C:\WINDOWS\system32\mswsock.dll
0x00007ffe785e0000 - 0x00007ffe785f6000 	C:\Users\User\.vscode\extensions\redhat.java-1.49.0-win32-x64\jre\21.0.9-win32-x86_64\bin\nio.dll
0x00007ffe8b690000 - 0x00007ffe8b6a0000 	c:\Users\User\.vscode\extensions\redhat.java-1.49.0-win32-x64\jre\21.0.9-win32-x86_64\bin\verify.dll
0x00007ffe70e30000 - 0x00007ffe70e74000 	C:\Users\User\AppData\Roaming\Code\User\globalStorage\redhat.java\1.49.0\config_ss_win\org.eclipse.equinox.launcher\org.eclipse.equinox.launcher.win32.win32.x86_64_1.2.1400.v20250801-0854\eclipse_11916.dll
0x00007ffeb01e0000 - 0x00007ffeb0377000 	C:\WINDOWS\System32\ole32.dll

JVMTI agents:
c:\Users\User\.vscode\extensions\redhat.java-1.49.0-win32-x64\lombok\lombok-1.18.39-4050.jar path:c:\Users\User\.vscode\extensions\redhat.java-1.49.0-win32-x64\jre\21.0.9-win32-x86_64\bin\instrument.dll, loaded, initialized, instrumentlib options:none

dbghelp: loaded successfully - version: 4.0.5 - missing functions: none
symbol engine: initialized successfully - sym options: 0x614 - pdb path: .;c:\Users\User\.vscode\extensions\redhat.java-1.49.0-win32-x64\jre\21.0.9-win32-x86_64\bin;C:\WINDOWS\SYSTEM32;C:\Program Files\Norton\Suite;C:\WINDOWS\WinSxS\amd64_microsoft.windows.common-controls_6595b64144ccf1df_6.0.26100.7019_none_3e06ffa0e335b8a8;c:\Users\User\.vscode\extensions\redhat.java-1.49.0-win32-x64\jre\21.0.9-win32-x86_64\bin\server;C:\Users\User\AppData\Roaming\Code\User\globalStorage\redhat.java\1.49.0\config_ss_win\org.eclipse.equinox.launcher\org.eclipse.equinox.launcher.win32.win32.x86_64_1.2.1400.v20250801-0854

VM Arguments:
jvm_args: --add-modules=ALL-SYSTEM --add-opens=java.base/java.util=ALL-UNNAMED --add-opens=java.base/java.lang=ALL-UNNAMED --add-opens=java.base/sun.nio.fs=ALL-UNNAMED -Declipse.application=org.eclipse.jdt.ls.core.id1 -Dosgi.bundles.defaultStartLevel=4 -Declipse.product=org.eclipse.jdt.ls.core.product -Djava.import.generatesMetadataFilesAtProjectRoot=false -DDetectVMInstallationsJob.disabled=true -Dfile.encoding=utf8 -XX:+UseParallelGC -XX:GCTimeRatio=4 -XX:AdaptiveSizePolicyWeight=90 -Dsun.zip.disableMemoryMapping=true -Xmx2G -Xms100m -Xlog:disable -javaagent:c:\Users\User\.vscode\extensions\redhat.java-1.49.0-win32-x64\lombok\lombok-1.18.39-4050.jar 
java_command: c:\Users\User\.vscode\extensions\redhat.java-1.49.0-win32-x64\server\plugins\org.eclipse.equinox.launcher_1.7.100.v20251111-0406.jar -configuration c:\Users\User\AppData\Roaming\Code\User\globalStorage\redhat.java\1.49.0\config_ss_win -data c:\Users\User\AppData\Roaming\Code\User\workspaceStorage\6ad258b3dd0437abd5348fc314f57244\redhat.java\ss_ws --pipe=\\.\pipe\lsp-e8d3069523c252024822a447dc3c8705-sock
java_class_path (initial): c:\Users\User\.vscode\extensions\redhat.java-1.49.0-win32-x64\server\plugins\org.eclipse.equinox.launcher_1.7.100.v20251111-0406.jar
Launcher Type: SUN_STANDARD

[Global flags]
    uintx AdaptiveSizePolicyWeight                 = 90                                        {product} {command line}
     intx CICompilerCount                          = 3                                         {product} {ergonomic}
    uintx GCTimeRatio                              = 4                                         {product} {command line}
   size_t InitialHeapSize                          = 104857600                                 {product} {command line}
   size_t MaxHeapSize                              = 2147483648                                {product} {command line}
   size_t MaxNewSize                               = 715653120                                 {product} {ergonomic}
   size_t MinHeapDeltaBytes                        = 524288                                    {product} {ergonomic}
   size_t MinHeapSize                              = 104857600                                 {product} {command line}
   size_t NewSize                                  = 34603008                                  {product} {ergonomic}
    uintx NonNMethodCodeHeapSize                   = 5832780                                {pd product} {ergonomic}
    uintx NonProfiledCodeHeapSize                  = 122912730                              {pd product} {ergonomic}
   size_t OldSize                                  = 70254592                                  {product} {ergonomic}
    uintx ProfiledCodeHeapSize                     = 122912730                              {pd product} {ergonomic}
    uintx ReservedCodeCacheSize                    = 251658240                              {pd product} {ergonomic}
     bool SegmentedCodeCache                       = true                                      {product} {ergonomic}
   size_t SoftMaxHeapSize                          = 2147483648                             {manageable} {ergonomic}
     bool UseCompressedOops                        = true                           {product lp64_product} {ergonomic}
     bool UseLargePagesIndividualAllocation        = false                                  {pd product} {ergonomic}
     bool UseParallelGC                            = true                                      {product} {command line}

Logging:
Log output configuration:
 #0: stdout all=off uptime,level,tags foldmultilines=false
 #1: stderr all=off uptime,level,tags foldmultilines=false

Release file:
JAVA_VERSION="21.0.9" 
MODULES="java.base java.compiler java.datatransfer java.xml java.prefs java.desktop java.instrument java.logging java.management java.security.sasl java.naming java.rmi java.management.rmi java.net.http java.scripting java.security.jgss java.transaction.xa java.sql java.sql.rowset java.xml.crypto java.se java.smartcardio jdk.accessibility jdk.internal.jvmstat jdk.attach jdk.charsets jdk.internal.opt jdk.zipfs jdk.compiler jdk.crypto.ec jdk.crypto.cryptoki jdk.crypto.mscapi jdk.dynalink jdk.internal.ed jdk.editpad jdk.hotspot.agent jdk.httpserver jdk.internal.le jdk.internal.vm.ci jdk.internal.vm.compiler jdk.internal.vm.compiler.management jdk.jartool jdk.javadoc jdk.jcmd jdk.management jdk.management.agent jdk.jconsole jdk.jdeps jdk.jdwp.agent jdk.jdi jdk.jfr jdk.jshell jdk.jsobject jdk.jstatd jdk.localedata jdk.management.jfr jdk.naming.dns jdk.naming.rmi jdk.net jdk.nio.mapmode jdk.random jdk.sctp jdk.security.auth jdk.security.jgss jdk.unsupported jdk.unsupported.desktop jdk.xml.dom" 

Environment Variables:
JAVA_HOME=C:\Program Files\Java\jdk-17
PATH=C:\Program Files\Java\jdk-17\bin;C:\Program Files\Common Files\Oracle\Java\javapath;C:\WINDOWS\system32;C:\WINDOWS;C:\WINDOWS\System32\Wbem;C:\WINDOWS\System32\WindowsPowerShell\v1.0\;C:\WINDOWS\System32\OpenSSH\;C:\Program Files (x86)\NVIDIA Corporation\PhysX\Common;C:\Program Files\Docker\Docker\resources\bin;C:\Program Files\Git\cmd;C:\Program Files\nodejs\;C:\Program Files\NVIDIA Corporation\NVIDIA App\NvDLISR;C:\Program Files\apache-maven-3.9.11;C:\Program Files\apache-maven-3.9.11\bin;C:\Users\User\AppData\Local\Microsoft\WindowsApps;C:\Users\User\AppData\Local\Programs\Microsoft VS Code\bin;C:\Users\User\AppData\Roaming\npm;C:\Program Files\apache-maven-3.9.11;
USERNAME=User
OS=Windows_NT
PROCESSOR_IDENTIFIER=Intel64 Family 6 Model 158 Stepping 10, GenuineIntel
TMP=C:\Users\User\AppData\Local\Temp
TEMP=C:\Users\User\AppData\Local\Temp




Periodic native trim disabled

---------------  S Y S T E M  ---------------

OS:
 Windows 11 , 64 bit Build 26100 (10.0.26100.7019)
OS uptime: 0 days 4:37 hours

CPU: total 6 (initial active 6) (6 cores per cpu, 1 threads per core) family 6 model 158 stepping 10 microcode 0xde, cx8, cmov, fxsr, mmx, 3dnowpref, sse, sse2, sse3, ssse3, sse4.1, sse4.2, popcnt, lzcnt, tsc, tscinvbit, avx, avx2, aes, erms, clmul, bmi1, bmi2, adx, fma, vzeroupper, clflush, clflushopt, rdtscp, f16c
Processor Information for the first 6 processors :
  Max Mhz: 2904, Current Mhz: 2904, Mhz Limit: 2904

Memory: 4k page, system-wide physical 32706M (21800M free)
TotalPageFile size 34754M (AvailPageFile size 21638M)
current process WorkingSet (physical memory assigned to process): 104M, peak: 104M
current process commit charge ("private bytes"): 243M, peak: 243M

vm_info: OpenJDK 64-Bit Server VM (21.0.9+10-LTS) for windows-amd64 JRE (21.0.9+10-LTS), built on 2025-10-21T00:00:00Z by "admin" with unknown MS VC++:1942

END.
